Mission_time,Temp1,Temp2,Pressure1,Pressure2,Temp3,Temp4,Pressure3,Pressure4,Temp5,Temp6,Pressure5,Pressure6,Pressurant_Fill_Indicator,Pressurant_Oxidizer_Indicator,Oxidizer_Fill_Indicator,Oxidizer_Combustion_Indicator
0.00,223.14,0.00,59.61,0.00,202.64,0.00,208.12,0.00,0.00,0.00,227.12,0.00,0,0,0,0
1.00,182.62,0.00,51.12,0.00,185.06,0.00,188.59,0.00,0.00,0.00,213.28,0.00,0,0,0,0
2.01,176.76,0.00,49.17,0.00,181.15,0.00,182.89,0.00,0.00,0.00,207.59,0.00,0,0,0,0
3.02,175.78,0.00,49.00,0.00,180.18,0.00,182.08,0.00,0.00,0.00,205.96,0.00,0,0,0,0
4.02,176.27,0.00,49.17,0.00,181.15,0.00,182.89,0.00,0.00,0.00,206.77,0.00,0,0,0,0
5.03,175.29,0.00,48.82,0.00,180.18,0.00,182.08,0.00,0.00,0.00,205.96,0.00,0,0,0,0
6.03,174.80,0.00,48.64,0.00,179.69,0.00,180.45,0.00,0.00,0.00,205.14,0.00,0,0,0,0
7.04,175.78,0.00,49.00,0.00,180.66,0.00,182.08,0.00,0.00,0.00,205.96,0.00,0,0,0,0
8.04,175.78,0.00,49.00,0.00,180.66,0.00,182.08,0.00,0.00,0.00,205.96,0.00,0,0,0,0
9.05,174.80,0.00,48.64,0.00,179.69,0.00,180.45,0.00,0.00,0.00,205.14,0.00,0,0,0,0
10.05,175.29,0.00,48.82,0.00,180.18,0.00,181.26,0.00,0.00,0.00,205.14,0.00,0,0,0,0
11.06,175.78,0.00,49.00,0.00,180.66,0.00,182.89,0.00,0.00,0.00,205.96,0.00,0,0,0,0
12.06,175.78,0.00,48.82,0.00,180.18,0.00,182.08,0.00,0.00,0.00,205.96,0.00,0,0,0,0
13.07,174.80,0.00,48.64,0.00,179.69,0.00,180.45,0.00,0.00,0.00,205.14,0.00,0,0,0,0
14.07,175.78,0.00,49.00,0.00,180.66,0.00,182.08,0.00,0.00,0.00,205.96,0.00,0,0,0,0
15.08,175.78,0.00,49.00,0.00,180.66,0.00,182.08,0.00,0.00,0.00,205.96,0.00,0,0,0,0
16.08,175.29,0.00,48.82,0.00,179.69,0.00,181.26,0.00,0.00,0.00,205.14,0.00,0,0,0,0
17.09,175.29,0.00,48.82,0.00,180.18,0.00,181.26,0.00,0.00,0.00,205.14,0.00,0,0,0,0
18.09,175.78,0.00,49.00,0.00,180.66,0.00,182.08,0.00,0.00,0.00,205.96,0.00,0,0,0,0
19.10,175.29,0.00,48.82,0.00,180.18,0.00,182.08,0.00,0.00,0.00,205.96,0.00,0,0,0,0
20.11,174.80,0.00,48.64,0.00,179.69,0.00,180.45,0.00,0.00,0.00,205.14,0.00,0,0,0,0
21.11,175.29,0.00,48.82,0.00,180.18,0.00,181.26,0.00,0.00,0.00,205.14,0.00,0,0,0,0
22.12,175.78,0.00,49.00,0.00,180.66,0.00,182.89,0.00,0.00,0.00,205.96,0.00,0,0,0,0
23.12,175.29,0.00,48.82,0.00,180.18,0.00,181.26,0.00,0.00,0.00,205.14,0.00,0,0,0,0
24.13,174.32,0.00,48.47,0.00,179.20,0.00,179.64,0.00,0.00,0.00,203.52,0.00,0,0,0,0
25.13,175.29,0.00,49.00,0.00,180.66,0.00,182.08,0.00,0.00,0.00,205.96,0.00,0,0,0,0
26.14,175.78,0.00,49.00,0.00,180.66,0.00,182.89,0.00,0.00,0.00,205.96,0.00,0,0,0,0
27.14,174.80,0.00,48.64,0.00,179.69,0.00,180.45,0.00,0.00,0.00,205.14,0.00,0,0,0,0
28.15,175.29,0.00,48.82,0.00,180.18,0.00,181.26,0.00,0.00,0.00,205.14,0.00,0,0,0,0
29.15,175.78,0.00,49.00,0.00,180.66,0.00,182.89,0.00,0.00,0.00,205.96,0.00,0,0,0,0
30.16,175.29,0.00,48.82,0.00,180.18,0.00,181.26,0.00,0.00,0.00,205.96,0.00,0,0,0,0
31.17,174.80,0.00,48.64,0.00,179.69,0.00,180.45,0.00,0.00,0.00,204.33,0.00,0,0,0,0
32.17,175.29,0.00,48.82,0.00,180.18,0.00,181.26,0.00,0.00,0.00,205.14,0.00,0,0,0,0
33.18,175.78,0.00,49.00,0.00,180.66,0.00,182.08,0.00,0.00,0.00,205.96,0.00,0,0,0,0
34.18,174.80,0.00,48.82,0.00,179.69,0.00,181.26,0.00,0.00,0.00,205.14,0.00,0,0,0,0
35.19,174.80,0.00,48.64,0.00,179.69,0.00,180.45,0.00,0.00,0.00,204.33,0.00,0,0,0,0
36.19,175.78,0.00,49.00,0.00,180.66,0.00,182.08,0.00,0.00,0.00,205.96,0.00,0,0,0,0
37.20,175.78,0.00,49.00,0.00,180.66,0.00,182.08,0.00,0.00,0.00,205.96,0.00,0,0,0,0
38.20,174.80,0.00,48.64,0.00,179.69,0.00,180.45,0.00,0.00,0.00,205.14,0.00,0,0,0,0
39.21,175.29,0.00,48.82,0.00,179.69,0.00,181.26,0.00,0.00,0.00,205.14,0.00,0,0,0,0
40.21,175.78,0.00,49.00,0.00,180.66,0.00,182.08,0.00,0.00,0.00,205.96,0.00,0,0,0,0
41.22,175.29,0.00,48.82,0.00,180.18,0.00,181.26,0.00,0.00,0.00,205.96,0.00,0,0,0,0
42.22,174.80,0.00,48.64,0.00,179.69,0.00,180.45,0.00,0.00,0.00,204.33,0.00,0,0,0,0
43.23,175.29,0.00,48.82,0.00,180.18,0.00,181.26,0.00,0.00,0.00,205.14,0.00,0,0,0,0
44.23,175.78,0.00,49.00,0.00,180.66,0.00,182.89,0.00,0.00,0.00,205.96,0.00,0,0,0,0
45.24,175.29,0.00,48.82,0.00,179.69,0.00,181.26,0.00,0.00,0.00,205.14,0.00,0,0,0,0
46.24,175.29,0.00,48.64,0.00,179.69,0.00,180.45,0.00,0.00,0.00,204.33,0.00,0,0,0,0
47.25,175.78,0.00,49.00,0.00,180.66,0.00,182.08,0.00,0.00,0.00,205.96,0.00,0,0,0,0
48.26,175.29,0.00,48.82,0.00,180.18,0.00,181.26,0.00,0.00,0.00,205.14,0.00,0,0,0,0
49.26,174.80,0.00,48.64,0.00,179.69,0.00,180.45,0.00,0.00,0.00,205.14,0.00,0,0,0,0
50.27,175.29,0.00,48.82,0.00,180.18,0.00,181.26,0.00,0.00,0.00,205.14,0.00,0,0,0,0
51.27,175.78,0.00,49.00,0.00,180.66,0.00,182.08,0.00,0.00,0.00,205.96,0.00,0,0,0,0
52.28,175.29,0.00,48.82,0.00,180.18,0.00,181.26,0.00,0.00,0.00,205.96,0.00,0,0,0,0
53.28,174.80,0.00,48.64,0.00,179.69,0.00,180.45,0.00,0.00,0.00,204.33,0.00,0,0,0,0
54.29,175.29,0.00,48.82,0.00,180.18,0.00,181.26,0.00,0.00,0.00,205.14,0.00,0,0,0,0
55.29,175.78,0.00,49.00,0.00,180.66,0.00,182.08,0.00,0.00,0.00,205.96,0.00,0,0,0,0
56.30,174.80,0.00,48.64,0.00,179.69,0.00,180.45,0.00,0.00,0.00,205.14,0.00,0,0,0,0
57.30,174.80,0.00,48.64,0.00,179.69,0.00,180.45,0.00,0.00,0.00,204.33,0.00,0,0,0,0
58.31,175.29,0.00,48.82,0.00,180.18,0.00,182.08,0.00,0.00,0.00,205.96,0.00,0,0,0,0
59.31,175.29,0.00,48.82,0.00,180.18,0.00,182.08,0.00,0.00,0.00,205.96,0.00,0,0,0,0
60.32,174.80,0.00,48.64,0.00,179.69,0.00,180.45,0.00,0.00,0.00,204.33,0.00,0,0,0,0
61.33,175.29,0.00,48.64,0.00,179.69,0.00,180.45,0.00,0.00,0.00,205.14,0.00,0,0,0,0
62.33,175.29,0.00,49.00,0.00,180.66,0.00,182.08,0.00,0.00,0.00,205.96,0.00,0,0,0,0
63.34,175.29,0.00,48.82,0.00,180.18,0.00,181.26,0.00,0.00,0.00,205.14,0.00,0,0,0,0
64.34,174.32,0.00,48.47,0.00,179.20,0.00,179.64,0.00,0.00,0.00,204.33,0.00,0,0,0,0
65.35,175.29,0.00,48.82,0.00,180.18,0.00,181.26,0.00,0.00,0.00,205.14,0.00,0,0,0,0
66.35,175.78,0.00,49.00,0.00,180.66,0.00,182.08,0.00,0.00,0.00,205.96,0.00,0,0,0,0
67.36,174.80,0.00,48.64,0.00,179.69,0.00,181.26,0.00,0.00,0.00,205.14,0.00,0,0,0,0
68.36,174.80,0.00,48.64,0.00,179.69,0.00,180.45,0.00,0.00,0.00,204.33,0.00,0,0,0,0
69.37,175.29,0.00,49.00,0.00,180.18,0.00,182.08,0.00,0.00,0.00,205.14,0.00,0,0,0,0
70.37,175.29,0.00,49.00,0.00,180.18,0.00,182.08,0.00,0.00,0.00,205.96,0.00,0,0,0,0
71.38,175.78,0.00,48.82,0.00,179.69,0.00,181.26,0.00,0.00,0.00,205.96,0.00,0,0,0,0
72.38,176.27,0.00,49.00,0.00,180.18,0.00,181.26,0.00,0.00,0.00,206.77,0.00,0,0,0,0
73.39,176.76,0.00,49.17,0.00,181.15,0.00,182.89,0.00,0.00,0.00,207.59,0.00,0,0,0,0
74.39,176.76,0.00,49.17,0.00,180.66,0.00,182.08,0.00,0.00,0.00,207.59,0.00,0,0,0,0
75.40,175.78,0.00,48.82,0.00,179.69,0.00,180.45,0.00,0.00,0.00,205.96,0.00,0,0,0,0
76.40,176.27,0.00,49.00,0.00,180.66,0.00,182.08,0.00,0.00,0.00,206.77,0.00,0,0,0,0
77.41,176.76,0.00,49.35,0.00,181.15,0.00,182.89,0.00,0.00,0.00,208.40,0.00,0,0,0,0
78.42,176.27,0.00,49.00,0.00,180.66,0.00,182.08,0.00,0.00,0.00,207.59,0.00,0,0,0,0
79.42,176.27,0.00,49.00,0.00,180.18,0.00,181.26,0.00,0.00,0.00,206.77,0.00,0,0,0,0
80.43,176.76,0.00,49.17,0.00,181.15,0.00,182.89,0.00,0.00,0.00,207.59,0.00,0,0,0,0
81.43,176.76,0.00,49.35,0.00,181.15,0.00,182.89,0.00,0.00,0.00,207.59,0.00,0,0,0,0
82.44,176.27,0.00,49.00,0.00,180.18,0.00,181.26,0.00,0.00,0.00,206.77,0.00,0,0,0,0
83.44,176.27,0.00,49.00,0.00,180.18,0.00,181.26,0.00,0.00,0.00,206.77,0.00,0,0,0,0
84.45,177.25,0.00,49.35,0.00,181.64,0.00,183.70,0.00,0.00,0.00,208.40,0.00,0,0,0,0
85.45,176.76,0.00,49.17,0.00,180.66,0.00,182.08,0.00,0.00,0.00,207.59,0.00,0,0,0,0
86.46,176.27,0.00,49.00,0.00,180.18,0.00,181.26,0.00,0.00,0.00,206.77,0.00,0,0,0,0
87.46,176.76,0.00,49.17,0.00,180.66,0.00,181.26,0.00,0.00,0.00,206.77,0.00,0,0,0,0
88.47,177.25,0.00,49.35,0.00,181.15,0.00,182.89,0.00,0.00,0.00,208.40,0.00,0,0,0,0
89.48,176.27,0.00,49.00,0.00,180.18,0.00,181.26,0.00,0.00,0.00,206.77,0.00,0,0,0,0
90.48,176.27,0.00,49.00,0.00,180.18,0.00,181.26,0.00,0.00,0.00,206.77,0.00,0,0,0,0
91.49,177.25,0.00,49.53,0.00,181.64,0.00,183.70,0.00,0.00,0.00,208.40,0.00,0,0,0,0
92.49,176.76,0.00,49.17,0.00,180.66,0.00,182.08,0.00,0.00,0.00,207.59,0.00,0,0,0,0
93.50,176.27,0.00,48.82,0.00,179.69,0.00,180.45,0.00,0.00,0.00,205.96,0.00,0,0,0,0
94.50,176.76,0.00,49.35,0.00,181.15,0.00,182.89,0.00,0.00,0.00,207.59,0.00,0,0,0,0
95.51,176.76,0.00,49.17,0.00,181.15,0.00,182.89,0.00,0.00,0.00,207.59,0.00,0,0,0,0
96.51,176.27,0.00,49.00,0.00,180.18,0.00,181.26,0.00,0.00,0.00,206.77,0.00,0,0,0,0
97.52,176.27,0.00,49.00,0.00,180.18,0.00,181.26,0.00,0.00,0.00,206.77,0.00,0,0,0,0
98.52,176.76,0.00,49.35,0.00,181.15,0.00,182.89,0.00,0.00,0.00,207.59,0.00,0,0,0,0
99.53,176.27,0.00,49.00,0.00,180.66,0.00,182.08,0.00,0.00,0.00,206.77,0.00,0,0,0,0
100.53,176.27,0.00,48.82,0.00,180.18,0.00,180.45,0.00,0.00,0.00,205.96,0.00,0,0,0,0
101.54,176.76,0.00,49.17,0.00,180.66,0.00,182.08,0.00,0.00,0.00,206.77,0.00,0,0,0,0
102.54,177.25,0.00,49.35,0.00,181.15,0.00,182.89,0.00,0.00,0.00,207.59,0.00,0,0,0,0
103.55,176.27,0.00,49.00,0.00,180.18,0.00,181.26,0.00,0.00,0.00,206.77,0.00,0,0,0,0
104.56,176.76,0.00,49.17,0.00,180.66,0.00,182.08,0.00,0.00,0.00,206.77,0.00,0,0,0,0
105.56,177.25,0.00,49.35,0.00,181.15,0.00,182.89,0.00,0.00,0.00,207.59,0.00,0,0,0,0
106.57,176.27,0.00,49.00,0.00,180.66,0.00,181.26,0.00,0.00,0.00,206.77,0.00,0,0,0,0
107.57,176.27,0.00,49.00,0.00,180.18,0.00,181.26,0.00,0.00,0.00,206.77,0.00,0,0,0,0
108.58,177.25,0.00,49.17,0.00,181.15,0.00,182.89,0.00,0.00,0.00,207.59,0.00,0,0,0,0
109.58,176.76,0.00,49.17,0.00,180.66,0.00,182.08,0.00,0.00,0.00,207.59,0.00,0,0,0,0
110.59,176.27,0.00,48.82,0.00,180.18,0.00,181.26,0.00,0.00,0.00,206.77,0.00,0,0,0,0
111.59,176.76,0.00,49.17,0.00,180.66,0.00,182.08,0.00,0.00,0.00,206.77,0.00,0,0,0,0
112.60,176.76,0.00,49.17,0.00,180.66,0.00,182.08,0.00,0.00,0.00,207.59,0.00,0,0,0,0
113.60,176.27,0.00,49.00,0.00,180.18,0.00,181.26,0.00,0.00,0.00,206.77,0.00,0,0,0,0
114.61,176.27,0.00,48.82,0.00,179.69,0.00,180.45,0.00,0.00,0.00,205.96,0.00,0,0,0,0
115.61,176.76,0.00,49.35,0.00,181.15,0.00,182.89,0.00,0.00,0.00,207.59,0.00,0,0,0,0
116.62,176.27,0.00,49.00,0.00,180.18,0.00,181.26,0.00,0.00,0.00,206.77,0.00,0,0,0,0
117.63,175.78,0.00,48.82,0.00,179.69,0.00,180.45,0.00,0.00,0.00,205.96,0.00,0,0,0,0
118.63,176.76,0.00,49.17,0.00,180.66,0.00,182.08,0.00,0.00,0.00,206.77,0.00,0,0,0,0
119.64,177.25,0.00,49.35,0.00,181.64,0.00,183.70,0.00,0.00,0.00,208.40,0.00,0,0,0,0
120.64,176.27,0.00,49.00,0.00,180.18,0.00,181.26,0.00,0.00,0.00,206.77,0.00,0,0,0,0
121.65,176.27,0.00,49.00,0.00,180.18,0.00,181.26,0.00,0.00,0.00,206.77,0.00,0,0,0,0
122.65,176.76,0.00,49.17,0.00,181.15,0.00,182.89,0.00,0.00,0.00,207.59,0.00,0,0,0,0
123.66,176.76,0.00,49.00,0.00,180.66,0.00,182.08,0.00,0.00,0.00,207.59,0.00,0,0,0,0
124.66,175.78,0.00,48.82,0.00,179.69,0.00,180.45,0.00,0.00,0.00,205.96,0.00,0,0,0,0
125.67,176.27,0.00,49.17,0.00,180.66,0.00,182.08,0.00,0.00,0.00,206.77,0.00,0,0,0,0
126.67,176.76,0.00,49.17,0.00,181.15,0.00,182.89,0.00,0.00,0.00,207.59,0.00,0,0,0,0
127.68,176.76,0.00,49.17,0.00,180.66,0.00,182.08,0.00,0.00,0.00,207.59,0.00,0,0,0,0
128.69,175.78,0.00,48.82,0.00,179.69,0.00,180.45,0.00,0.00,0.00,205.96,0.00,0,0,0,0
129.69,176.76,0.00,49.17,0.00,180.66,0.00,182.08,0.00,0.00,0.00,206.77,0.00,0,0,0,0
130.70,176.27,0.00,49.17,0.00,180.66,0.00,182.08,0.00,0.00,0.00,207.59,0.00,0,0,0,0
131.70,175.78,0.00,48.82,0.00,179.69,0.00,181.26,0.00,0.00,0.00,205.96,0.00,0,0,0,0
132.71,176.27,0.00,49.00,0.00,180.18,0.00,181.26,0.00,0.00,0.00,206.77,0.00,0,0,0,0
133.71,176.76,0.00,49.17,0.00,181.15,0.00,182.89,0.00,0.00,0.00,207.59,0.00,0,0,0,0
134.72,176.27,0.00,49.00,0.00,180.18,0.00,181.26,0.00,0.00,0.00,206.77,0.00,0,0,0,0
135.72,176.27,0.00,48.82,0.00,180.18,0.00,180.45,0.00,0.00,0.00,205.96,0.00,0,0,0,0
136.73,176.76,0.00,49.17,0.00,181.15,0.00,182.89,0.00,0.00,0.00,207.59,0.00,0,0,0,0
137.73,176.76,0.00,49.17,0.00,181.15,0.00,182.89,0.00,0.00,0.00,207.59,0.00,0,0,0,0
138.74,176.27,0.00,49.00,0.00,180.18,0.00,181.26,0.00,0.00,0.00,206.77,0.00,0,0,0,0
139.75,176.27,0.00,49.00,0.00,180.18,0.00,181.26,0.00,0.00,0.00,206.77,0.00,0,0,0,0
140.75,176.76,0.00,49.35,0.00,181.15,0.00,182.89,0.00,0.00,0.00,207.59,0.00,0,0,0,0
141.76,176.27,0.00,49.00,0.00,180.66,0.00,182.08,0.00,0.00,0.00,207.59,0.00,0,0,0,0
142.76,175.78,0.00,48.82,0.00,179.69,0.00,180.45,0.00,0.00,0.00,205.96,0.00,0,0,0,0
143.77,176.76,0.00,49.17,0.00,180.66,0.00,182.08,0.00,0.00,0.00,206.77,0.00,0,0,0,0
144.77,176.76,0.00,49.17,0.00,181.15,0.00,182.89,0.00,0.00,0.00,207.59,0.00,0,0,0,0
145.78,176.27,0.00,49.00,0.00,180.18,0.00,181.26,0.00,0.00,0.00,206.77,0.00,0,0,0,0
146.78,176.27,0.00,49.00,0.00,180.18,0.00,181.26,0.00,0.00,0.00,206.77,0.00,0,0,0,0
147.79,177.25,0.00,49.35,0.00,181.64,0.00,183.70,0.00,0.00,0.00,208.40,0.00,0,0,0,0
148.79,176.76,0.00,49.00,0.00,180.66,0.00,182.08,0.00,0.00,0.00,206.77,0.00,0,0,0,0
149.80,176.27,0.00,48.82,0.00,179.69,0.00,180.45,0.00,0.00,0.00,205.96,0.00,0,0,0,0
150.80,176.76,0.00,49.17,0.00,180.66,0.00,182.08,0.00,0.00,0.00,206.77,0.00,0,0,0,0
151.81,176.76,0.00,49.35,0.00,181.15,0.00,182.89,0.00,0.00,0.00,207.59,0.00,0,0,0,0
152.82,176.27,0.00,49.00,0.00,180.66,0.00,182.08,0.00,0.00,0.00,206.77,0.00,0,0,0,0
153.82,176.27,0.00,49.00,0.00,180.18,0.00,181.26,0.00,0.00,0.00,205.96,0.00,0,0,0,0
154.83,176.76,0.00,49.35,0.00,181.15,0.00,182.89,0.00,0.00,0.00,207.59,0.00,0,0,0,0
155.83,176.76,0.00,49.17,0.00,181.15,0.00,182.89,0.00,0.00,0.00,207.59,0.00,0,0,0,0
156.84,176.27,0.00,48.82,0.00,180.18,0.00,181.26,0.00,0.00,0.00,206.77,0.00,0,0,0,0
157.84,176.76,0.00,49.17,0.00,180.66,0.00,182.08,0.00,0.00,0.00,206.77,0.00,0,0,0,0
158.85,176.76,0.00,49.17,0.00,181.15,0.00,182.08,0.00,0.00,0.00,207.59,0.00,0,0,0,0
159.85,176.76,0.00,49.17,0.00,180.66,0.00,182.08,0.00,0.00,0.00,207.59,0.00,0,0,0,0
160.86,176.27,0.00,49.00,0.00,180.18,0.00,181.26,0.00,0.00,0.00,206.77,0.00,0,0,0,0
161.86,176.76,0.00,49.17,0.00,181.15,0.00,182.08,0.00,0.00,0.00,207.59,0.00,0,0,0,0
162.87,176.76,0.00,49.35,0.00,181.15,0.00,182.89,0.00,0.00,0.00,207.59,0.00,0,0,0,0
163.87,176.27,0.00,49.00,0.00,180.18,0.00,181.26,0.00,0.00,0.00,206.77,0.00,0,0,0,0
164.88,176.27,0.00,48.82,0.00,180.18,0.00,180.45,0.00,0.00,0.00,205.96,0.00,0,0,0,0
165.88,176.76,0.00,49.17,0.00,180.66,0.00,182.08,0.00,0.00,0.00,207.59,0.00,0,0,0,0
166.89,176.76,0.00,49.17,0.00,181.15,0.00,182.89,0.00,0.00,0.00,207.59,0.00,0,0,0,0
167.90,176.27,0.00,49.00,0.00,180.18,0.00,181.26,0.00,0.00,0.00,206.77,0.00,0,0,0,0
168.90,176.27,0.00,49.00,0.00,180.18,0.00,181.26,0.00,0.00,0.00,206.77,0.00,0,0,0,0
169.91,176.76,0.00,49.35,0.00,181.15,0.00,182.89,0.00,0.00,0.00,207.59,0.00,0,0,0,0
170.91,176.76,0.00,49.35,0.00,181.15,0.00,182.89,0.00,0.00,0.00,207.59,0.00,0,0,0,0
171.92,175.78,0.00,48.82,0.00,179.69,0.00,180.45,0.00,0.00,0.00,205.96,0.00,0,0,0,0
172.92,176.27,0.00,49.00,0.00,180.18,0.00,181.26,0.00,0.00,0.00,206.77,0.00,0,0,0,0
173.93,176.76,0.00,49.35,0.00,181.15,0.00,182.89,0.00,0.00,0.00,207.59,0.00,0,0,0,0
174.93,176.27,0.00,49.17,0.00,180.66,0.00,182.08,0.00,0.00,0.00,206.77,0.00,0,0,0,0
175.94,176.27,0.00,48.82,0.00,179.69,0.00,180.45,0.00,0.00,0.00,205.96,0.00,0,0,0,0
176.95,176.27,0.00,49.00,0.00,180.66,0.00,181.26,0.00,0.00,0.00,206.77,0.00,0,0,0,0
177.95,176.76,0.00,49.35,0.00,181.15,0.00,182.89,0.00,0.00,0.00,207.59,0.00,0,0,0,0
178.96,176.76,0.00,49.17,0.00,180.66,0.00,182.08,0.00,0.00,0.00,206.77,0.00,0,0,0,0
179.96,176.27,0.00,48.82,0.00,179.69,0.00,180.45,0.00,0.00,0.00,205.96,0.00,0,0,0,0
180.97,176.76,0.00,49.17,0.00,180.66,0.00,182.08,0.00,0.00,0.00,206.77,0.00,0,0,0,0
181.97,176.76,0.00,49.17,0.00,181.15,0.00,182.89,0.00,0.00,0.00,207.59,0.00,0,0,0,0
182.98,176.27,0.00,48.82,0.00,179.69,0.00,180.45,0.00,0.00,0.00,205.96,0.00,0,0,0,0
183.98,176.27,0.00,49.00,0.00,180.18,0.00,180.45,0.00,0.00,0.00,205.96,0.00,0,0,0,0
184.99,176.76,0.00,49.17,0.00,180.66,0.00,182.08,0.00,0.00,0.00,206.77,0.00,0,0,0,0
185.99,176.76,0.00,49.17,0.00,181.15,0.00,182.89,0.00,0.00,0.00,207.59,0.00,0,0,0,0
187.00,176.27,0.00,48.82,0.00,180.18,0.00,180.45,0.00,0.00,0.00,206.77,0.00,0,0,0,0
188.00,176.27,0.00,49.00,0.00,180.18,0.00,180.45,0.00,0.00,0.00,205.96,0.00,0,0,0,0
189.01,177.25,0.00,49.35,0.00,181.15,0.00,182.89,0.00,0.00,0.00,207.59,0.00,0,0,0,0
190.02,176.27,0.00,49.00,0.00,180.18,0.00,181.26,0.00,0.00,0.00,205.96,0.00,0,0,0,0
191.02,176.27,0.00,48.82,0.00,179.69,0.00,180.45,0.00,0.00,0.00,205.96,0.00,0,0,0,0
192.03,176.76,0.00,49.00,0.00,180.66,0.00,181.26,0.00,0.00,0.00,206.77,0.00,0,0,0,0
193.03,176.76,0.00,49.35,0.00,181.15,0.00,182.89,0.00,0.00,0.00,207.59,0.00,0,0,0,0
194.04,176.27,0.00,49.00,0.00,180.66,0.00,181.26,0.00,0.00,0.00,206.77,0.00,0,0,0,0
195.04,175.78,0.00,48.82,0.00,179.69,0.00,180.45,0.00,0.00,0.00,205.96,0.00,0,0,0,0
196.05,176.76,0.00,49.17,0.00,180.66,0.00,182.08,0.00,0.00,0.00,207.59,0.00,0,0,0,0
197.05,176.76,0.00,49.17,0.00,180.66,0.00,182.08,0.00,0.00,0.00,206.77,0.00,0,0,0,0
198.06,175.78,0.00,48.82,0.00,179.69,0.00,180.45,0.00,0.00,0.00,205.96,0.00,0,0,0,0
199.06,176.27,0.00,49.00,0.00,180.18,0.00,181.26,0.00,0.00,0.00,205.96,0.00,0,0,0,0
200.07,176.76,0.00,49.17,0.00,181.15,0.00,182.08,0.00,0.00,0.00,207.59,0.00,0,0,0,0
201.07,176.27,0.00,49.00,0.00,180.18,0.00,181.26,0.00,0.00,0.00,206.77,0.00,0,0,0,0
202.08,176.76,0.00,49.17,0.00,180.66,0.00,181.26,0.00,0.00,0.00,206.77,0.00,0,0,0,0
203.09,176.76,0.00,49.17,0.00,180.66,0.00,182.08,0.00,0.00,0.00,206.77,0.00,0,0,0,0
204.09,176.76,0.00,49.17,0.00,181.15,0.00,182.89,0.00,0.00,0.00,207.59,0.00,0,0,0,0
205.10,176.27,0.00,49.00,0.00,180.18,0.00,181.26,0.00,0.00,0.00,206.77,0.00,0,0,0,0
206.10,176.27,0.00,49.00,0.00,180.18,0.00,180.45,0.00,0.00,0.00,205.96,0.00,0,0,0,0
207.11,176.76,0.00,49.17,0.00,181.15,0.00,182.08,0.00,0.00,0.00,207.59,0.00,0,0,0,0
208.11,176.76,0.00,49.17,0.00,180.66,0.00,182.08,0.00,0.00,0.00,207.59,0.00,0,0,0,0
209.12,176.27,0.00,48.82,0.00,179.69,0.00,180.45,0.00,0.00,0.00,205.96,0.00,0,0,0,0
210.12,176.27,0.00,49.00,0.00,180.66,0.00,181.26,0.00,0.00,0.00,205.96,0.00,0,0,0,0
211.13,177.25,0.00,49.35,0.00,181.15,0.00,182.89,0.00,0.00,0.00,207.59,0.00,0,0,0,0
212.13,176.27,0.00,49.00,0.00,180.66,0.00,181.26,0.00,0.00,0.00,206.77,0.00,0,0,0,0
213.14,176.27,0.00,48.82,0.00,179.69,0.00,180.45,0.00,0.00,0.00,205.96,0.00,0,0,0,0
214.15,176.76,0.00,49.17,0.00,180.66,0.00,182.08,0.00,0.00,0.00,206.77,0.00,0,0,0,0
215.15,177.25,0.00,49.35,0.00,181.15,0.00,182.89,0.00,0.00,0.00,207.59,0.00,0,0,0,0
216.16,176.27,0.00,49.00,0.00,180.18,0.00,181.26,0.00,0.00,0.00,206.77,0.00,0,0,0,0
217.16,176.27,0.00,49.00,0.00,179.69,0.00,180.45,0.00,0.00,0.00,205.96,0.00,0,0,0,0
218.17,176.76,0.00,49.17,0.00,180.66,0.00,182.08,0.00,0.00,0.00,206.77,0.00,0,0,0,0
219.17,176.76,0.00,49.17,0.00,180.66,0.00,182.08,0.00,0.00,0.00,206.77,0.00,0,0,0,0
220.18,176.27,0.00,49.00,0.00,180.18,0.00,181.26,0.00,0.00,0.00,206.77,0.00,0,0,0,0
221.18,176.27,0.00,49.00,0.00,180.18,0.00,181.26,0.00,0.00,0.00,205.96,0.00,0,0,0,0
222.19,176.76,0.00,49.17,0.00,181.15,0.00,182.08,0.00,0.00,0.00,207.59,0.00,0,0,0,0
223.19,176.27,0.00,49.17,0.00,180.66,0.00,182.08,0.00,0.00,0.00,207.59,0.00,0,0,0,0
224.20,176.27,0.00,48.82,0.00,179.69,0.00,180.45,0.00,0.00,0.00,205.96,0.00,0,0,0,0
225.20,176.27,0.00,49.00,0.00,180.18,0.00,181.26,0.00,0.00,0.00,206.77,0.00,0,0,0,0
226.21,176.76,0.00,49.35,0.00,181.15,0.00,182.89,0.00,0.00,0.00,207.59,0.00,0,0,0,0
227.22,176.27,0.00,49.00,0.00,180.66,0.00,181.26,0.00,0.00,0.00,206.77,0.00,0,0,0,0
228.22,175.78,0.00,48.82,0.00,179.69,0.00,180.45,0.00,0.00,0.00,205.96,0.00,0,0,0,0
229.23,176.76,0.00,49.17,0.00,180.66,0.00,182.08,0.00,0.00,0.00,206.77,0.00,0,0,0,0
230.23,176.76,0.00,49.17,0.00,181.15,0.00,182.08,0.00,0.00,0.00,207.59,0.00,0,0,0,0
231.24,175.78,0.00,48.82,0.00,180.18,0.00,180.45,0.00,0.00,0.00,206.77,0.00,0,0,0,0
232.24,175.78,0.00,48.82,0.00,179.69,0.00,180.45,0.00,0.00,0.00,205.96,0.00,0,0,0,0
233.25,176.76,0.00,49.17,0.00,180.66,0.00,182.08,0.00,0.00,0.00,206.77,0.00,0,0,0,0
234.25,176.76,0.00,49.17,0.00,180.66,0.00,182.08,0.00,0.00,0.00,207.59,0.00,0,0,0,0
235.26,175.78,0.00,48.82,0.00,180.18,0.00,180.45,0.00,0.00,0.00,205.96,0.00,0,0,0,0
236.26,176.27,0.00,49.00,0.00,180.18,0.00,181.26,0.00,0.00,0.00,205.96,0.00,0,0,0,0
237.27,176.76,0.00,49.17,0.00,181.15,0.00,182.08,0.00,0.00,0.00,207.59,0.00,0,0,0,0
238.27,176.27,0.00,49.00,0.00,180.66,0.00,182.08,0.00,0.00,0.00,206.77,0.00,0,0,0,0
239.28,175.78,0.00,48.82,0.00,179.69,0.00,180.45,0.00,0.00,0.00,205.96,0.00,0,0,0,0
240.29,176.27,0.00,49.00,0.00,180.18,0.00,181.26,0.00,0.00,0.00,206.77,0.00,0,0,0,0
241.29,176.76,0.00,49.17,0.00,181.15,0.00,182.08,0.00,0.00,0.00,207.59,0.00,0,0,0,0
242.30,176.27,0.00,49.00,0.00,180.18,0.00,181.26,0.00,0.00,0.00,206.77,0.00,0,0,0,0
243.30,175.78,0.00,48.82,0.00,179.69,0.00,180.45,0.00,0.00,0.00,205.96,0.00,0,0,0,0
244.31,176.27,0.00,49.00,0.00,180.66,0.00,181.26,0.00,0.00,0.00,206.77,0.00,0,0,0,0
245.31,176.76,0.00,49.17,0.00,181.15,0.00,182.08,0.00,0.00,0.00,207.59,0.00,0,0,0,0
246.32,176.27,0.00,48.82,0.00,180.18,0.00,181.26,0.00,0.00,0.00,206.77,0.00,0,0,0,0
247.32,175.78,0.00,48.82,0.00,179.69,0.00,180.45,0.00,0.00,0.00,205.14,0.00,0,0,0,0
248.33,176.27,0.00,49.00,0.00,180.66,0.00,181.26,0.00,0.00,0.00,206.77,0.00,0,0,0,0
249.33,176.76,0.00,49.17,0.00,181.15,0.00,182.08,0.00,0.00,0.00,207.59,0.00,0,0,0,0
250.34,176.27,0.00,49.00,0.00,180.18,0.00,181.26,0.00,0.00,0.00,206.77,0.00,0,0,0,0
251.34,176.27,0.00,49.00,0.00,180.18,0.00,180.45,0.00,0.00,0.00,205.96,0.00,0,0,0,0
252.35,176.76,0.00,49.17,0.00,180.66,0.00,182.08,0.00,0.00,0.00,206.77,0.00,0,0,0,0
253.36,177.25,0.00,49.35,0.00,181.15,0.00,182.89,0.00,0.00,0.00,207.59,0.00,0,0,0,0
254.36,176.27,0.00,48.82,0.00,179.69,0.00,180.45,0.00,0.00,0.00,205.96,0.00,0,0,0,0
255.37,176.27,0.00,49.00,0.00,180.18,0.00,181.26,0.00,0.00,0.00,205.96,0.00,0,0,0,0
256.37,176.76,0.00,49.17,0.00,180.66,0.00,182.08,0.00,0.00,0.00,206.77,0.00,0,0,0,0
257.38,176.76,0.00,49.00,0.00,180.66,0.00,182.08,0.00,0.00,0.00,206.77,0.00,0,0,0,0
258.38,175.78,0.00,48.82,0.00,179.69,0.00,180.45,0.00,0.00,0.00,205.96,0.00,0,0,0,0
259.39,176.27,0.00,49.00,0.00,180.18,0.00,181.26,0.00,0.00,0.00,205.96,0.00,0,0,0,0
260.39,176.76,0.00,49.17,0.00,181.15,0.00,182.89,0.00,0.00,0.00,207.59,0.00,0,0,0,0
261.40,176.76,0.00,49.17,0.00,180.66,0.00,182.08,0.00,0.00,0.00,207.59,0.00,0,0,0,0
262.41,175.78,0.00,48.82,0.00,179.69,0.00,180.45,0.00,0.00,0.00,205.96,0.00,0,0,0,0
263.41,176.27,0.00,49.00,0.00,180.18,0.00,181.26,0.00,0.00,0.00,205.96,0.00,0,0,0,0
264.42,176.76,0.00,49.17,0.00,181.15,0.00,182.08,0.00,0.00,0.00,207.59,0.00,0,0,0,0
265.42,176.27,0.00,49.00,0.00,180.66,0.00,181.26,0.00,0.00,0.00,206.77,0.00,0,0,0,0
266.43,175.78,0.00,48.82,0.00,179.69,0.00,180.45,0.00,0.00,0.00,205.96,0.00,0,0,0,0
267.43,176.76,0.00,49.17,0.00,181.15,0.00,182.08,0.00,0.00,0.00,206.77,0.00,0,0,0,0
268.44,176.76,0.00,49.17,0.00,181.15,0.00,182.08,0.00,0.00,0.00,207.59,0.00,0,0,0,0
269.44,176.27,0.00,49.00,0.00,180.18,0.00,181.26,0.00,0.00,0.00,206.77,0.00,0,0,0,0
270.45,175.78,0.00,48.82,0.00,179.69,0.00,180.45,0.00,0.00,0.00,205.96,0.00,0,0,0,0
271.45,176.76,0.00,49.17,0.00,180.66,0.00,182.08,0.00,0.00,0.00,206.77,0.00,0,0,0,0
272.46,176.76,0.00,49.17,0.00,180.66,0.00,182.08,0.00,0.00,0.00,207.59,0.00,0,0,0,0
273.46,176.27,0.00,49.00,0.00,180.18,0.00,181.26,0.00,0.00,0.00,206.77,0.00,0,0,0,0
274.47,176.27,0.00,49.00,0.00,180.18,0.00,180.45,0.00,0.00,0.00,205.96,0.00,0,0,0,0
275.47,176.76,0.00,49.17,0.00,181.15,0.00,182.08,0.00,0.00,0.00,207.59,0.00,0,0,0,0
276.48,176.27,0.00,49.00,0.00,180.66,0.00,181.26,0.00,0.00,0.00,206.77,0.00,0,0,0,0
277.48,175.78,0.00,48.82,0.00,179.69,0.00,180.45,0.00,0.00,0.00,205.96,0.00,0,0,0,0
278.49,176.27,0.00,49.00,0.00,180.18,0.00,181.26,0.00,0.00,0.00,206.77,0.00,0,0,0,0
279.50,176.76,0.00,49.35,0.00,181.15,0.00,182.89,0.00,0.00,0.00,207.59,0.00,0,0,0,0
280.50,176.27,0.00,49.00,0.00,180.66,0.00,181.26,0.00,0.00,0.00,206.77,0.00,0,0,0,0
281.51,175.78,0.00,48.82,0.00,179.69,0.00,180.45,0.00,0.00,0.00,205.96,0.00,0,0,0,0
282.51,176.27,0.00,49.00,0.00,180.66,0.00,181.26,0.00,0.00,0.00,206.77,0.00,0,0,0,0
283.52,176.76,0.00,49.17,0.00,181.15,0.00,182.08,0.00,0.00,0.00,207.59,0.00,0,0,0,0
284.52,176.76,0.00,49.17,0.00,180.66,0.00,182.08,0.00,0.00,0.00,206.77,0.00,0,0,0,0
285.53,177.25,0.00,49.35,0.00,181.15,0.00,182.89,0.00,0.00,0.00,208.40,0.00,0,0,0,0
286.53,176.76,0.00,49.17,0.00,181.15,0.00,182.08,0.00,0.00,0.00,207.59,0.00,0,0,0,0
287.54,177.25,0.00,49.35,0.00,181.64,0.00,183.70,0.00,0.00,0.00,208.40,0.00,0,0,0,0
288.54,176.27,0.00,49.00,0.00,180.18,0.00,181.26,0.00,0.00,0.00,206.77,0.00,0,0,0,0
289.55,176.76,0.00,49.17,0.00,180.66,0.00,181.26,0.00,0.00,0.00,206.77,0.00,0,0,0,0
290.55,176.76,0.00,49.17,0.00,180.66,0.00,182.08,0.00,0.00,0.00,206.77,0.00,0,0,0,0
291.56,176.27,0.00,49.00,0.00,180.66,0.00,182.08,0.00,0.00,0.00,206.77,0.00,0,0,0,0
292.57,175.78,0.00,48.82,0.00,179.69,0.00,180.45,0.00,0.00,0.00,205.96,0.00,0,0,0,0
293.57,176.27,0.00,49.00,0.00,180.18,0.00,181.26,0.00,0.00,0.00,205.96,0.00,0,0,0,0
294.58,176.27,0.00,49.17,0.00,180.66,0.00,182.08,0.00,0.00,0.00,206.77,0.00,0,0,0,0
295.58,175.78,0.00,48.82,0.00,180.18,0.00,181.26,0.00,0.00,0.00,205.96,0.00,0,0,0,0
296.59,175.78,0.00,48.82,0.00,180.18,0.00,181.26,0.00,0.00,0.00,205.96,0.00,0,0,0,0
297.59,175.29,0.00,48.64,0.00,179.69,0.00,179.64,0.00,0.00,0.00,205.14,0.00,0,0,0,0
298.60,175.78,0.00,49.00,0.00,180.66,0.00,181.26,0.00,0.00,0.00,205.96,0.00,0,0,0,0
299.60,175.29,0.00,48.82,0.00,179.69,0.00,180.45,0.00,0.00,0.00,205.14,0.00,0,0,0,0
300.61,175.29,0.00,48.64,0.00,179.20,0.00,179.64,0.00,0.00,0.00,205.14,0.00,0,0,0,0
301.61,175.78,0.00,49.00,0.00,180.18,0.00,181.26,0.00,0.00,0.00,205.96,0.00,0,0,0,0
302.62,175.78,0.00,49.00,0.00,180.66,0.00,182.08,0.00,0.00,0.00,206.77,0.00,0,0,0,0
303.63,175.29,0.00,48.82,0.00,179.69,0.00,180.45,0.00,0.00,0.00,205.14,0.00,0,0,0,0
304.63,175.78,0.00,48.82,0.00,179.69,0.00,180.45,0.00,0.00,0.00,205.14,0.00,0,0,0,0
305.64,176.27,0.00,49.00,0.00,180.66,0.00,181.26,0.00,0.00,0.00,205.96,0.00,0,0,0,0
306.64,175.78,0.00,49.00,0.00,180.18,0.00,181.26,0.00,0.00,0.00,205.96,0.00,0,0,0,0
307.65,175.29,0.00,48.64,0.00,179.69,0.00,179.64,0.00,0.00,0.00,205.14,0.00,0,0,0,0
308.65,175.78,0.00,48.82,0.00,180.18,0.00,180.45,0.00,0.00,0.00,205.96,0.00,0,0,0,0
309.66,175.78,0.00,49.00,0.00,180.66,0.00,181.26,0.00,0.00,0.00,205.96,0.00,0,0,0,0
310.66,175.78,0.00,48.82,0.00,180.18,0.00,181.26,0.00,0.00,0.00,205.96,0.00,0,0,0,0
311.67,175.29,0.00,48.64,0.00,179.20,0.00,179.64,0.00,0.00,0.00,205.14,0.00,0,0,0,0
312.67,175.78,0.00,48.82,0.00,179.69,0.00,180.45,0.00,0.00,0.00,205.14,0.00,0,0,0,0
313.68,175.78,0.00,49.00,0.00,180.66,0.00,181.26,0.00,0.00,0.00,205.96,0.00,0,0,0,0
314.69,175.78,0.00,48.82,0.00,180.18,0.00,181.26,0.00,0.00,0.00,205.96,0.00,0,0,0,0
315.69,175.29,0.00,48.64,0.00,179.20,0.00,179.64,0.00,0.00,0.00,205.14,0.00,0,0,0,0
316.70,175.78,0.00,48.82,0.00,180.18,0.00,181.26,0.00,0.00,0.00,205.96,0.00,0,0,0,0
317.70,175.78,0.00,49.00,0.00,180.66,0.00,181.26,0.00,0.00,0.00,205.96,0.00,0,0,0,0
318.71,174.80,0.00,48.47,0.00,179.20,0.00,179.64,0.00,0.00,0.00,205.14,0.00,0,0,0,0
319.71,174.80,0.00,48.47,0.00,179.20,0.00,179.64,0.00,0.00,0.00,204.33,0.00,0,0,0,0
320.72,175.29,0.00,48.82,0.00,179.69,0.00,180.45,0.00,0.00,0.00,205.14,0.00,0,0,0,0
321.72,175.78,0.00,49.00,0.00,180.18,0.00,181.26,0.00,0.00,0.00,205.96,0.00,0,0,0,0
322.73,175.78,0.00,48.82,0.00,179.69,0.00,180.45,0.00,0.00,0.00,205.96,0.00,0,0,0,0
323.73,175.29,0.00,48.64,0.00,179.69,0.00,179.64,0.00,0.00,0.00,205.14,0.00,0,0,0,0
324.74,175.78,0.00,48.82,0.00,180.18,0.00,181.26,0.00,0.00,0.00,205.96,0.00,0,0,0,0
325.75,176.27,0.00,49.00,0.00,180.66,0.00,182.08,0.00,0.00,0.00,205.96,0.00,0,0,0,0
326.75,175.78,0.00,48.82,0.00,180.18,0.00,181.26,0.00,0.00,0.00,205.96,0.00,0,0,0,0
327.76,174.80,0.00,48.47,0.00,179.20,0.00,178.82,0.00,0.00,0.00,204.33,0.00,0,0,0,0
328.76,175.78,0.00,49.00,0.00,180.18,0.00,181.26,0.00,0.00,0.00,205.96,0.00,0,0,0,0
329.77,175.78,0.00,49.00,0.00,180.66,0.00,182.08,0.00,0.00,0.00,206.77,0.00,0,0,0,0
330.77,175.29,0.00,48.64,0.00,179.69,0.00,179.64,0.00,0.00,0.00,205.14,0.00,0,0,0,0
331.78,175.29,0.00,48.64,0.00,179.69,0.00,180.45,0.00,0.00,0.00,205.14,0.00,0,0,0,0
332.78,175.78,0.00,49.00,0.00,180.18,0.00,181.26,0.00,0.00,0.00,205.96,0.00,0,0,0,0
333.79,175.78,0.00,49.00,0.00,180.18,0.00,181.26,0.00,0.00,0.00,205.96,0.00,0,0,0,0
334.79,176.27,0.00,49.00,0.00,180.66,0.00,182.08,0.00,0.00,0.00,206.77,0.00,0,0,0,0
335.80,175.29,0.00,48.64,0.00,179.20,0.00,179.64,0.00,0.00,0.00,205.14,0.00,0,0,0,0
336.80,175.78,0.00,49.00,0.00,180.18,0.00,181.26,0.00,0.00,0.00,205.96,0.00,0,0,0,0
337.81,175.78,0.00,48.82,0.00,180.18,0.00,180.45,0.00,0.00,0.00,205.96,0.00,0,0,0,0
338.81,175.29,0.00,48.64,0.00,179.20,0.00,179.64,0.00,0.00,0.00,205.14,0.00,0,0,0,0
339.82,175.78,0.00,48.82,0.00,179.69,0.00,180.45,0.00,0.00,0.00,205.14,0.00,0,0,0,0
340.83,176.27,0.00,49.00,0.00,180.66,0.00,181.26,0.00,0.00,0.00,205.96,0.00,0,0,0,0
341.83,175.78,0.00,48.82,0.00,180.18,0.00,180.45,0.00,0.00,0.00,205.96,0.00,0,0,0,0
342.84,175.29,0.00,48.64,0.00,179.20,0.00,179.64,0.00,0.00,0.00,205.14,0.00,0,0,0,0
343.84,175.78,0.00,48.82,0.00,180.18,0.00,181.26,0.00,0.00,0.00,205.96,0.00,0,0,0,0
344.85,176.27,0.00,49.00,0.00,180.66,0.00,182.08,0.00,0.00,0.00,206.77,0.00,0,0,0,0
345.85,175.29,0.00,48.82,0.00,179.69,0.00,180.45,0.00,0.00,0.00,205.14,0.00,0,0,0,0
346.86,175.29,0.00,48.64,0.00,179.69,0.00,179.64,0.00,0.00,0.00,204.33,0.00,0,0,0,0
347.86,175.78,0.00,49.00,0.00,180.18,0.00,181.26,0.00,0.00,0.00,205.96,0.00,0,0,0,0
348.87,175.78,0.00,49.00,0.00,180.18,0.00,181.26,0.00,0.00,0.00,205.96,0.00,0,0,0,0
349.88,175.29,0.00,48.64,0.00,179.69,0.00,179.64,0.00,0.00,0.00,205.14,0.00,0,0,0,0
350.88,175.29,0.00,48.64,0.00,179.69,0.00,179.64,0.00,0.00,0.00,205.14,0.00,0,0,0,0
351.89,175.78,0.00,49.00,0.00,180.18,0.00,181.26,0.00,0.00,0.00,205.96,0.00,0,0,0,0
352.89,175.78,0.00,48.82,0.00,180.18,0.00,181.26,0.00,0.00,0.00,205.96,0.00,0,0,0,0
353.90,175.29,0.00,48.64,0.00,179.20,0.00,179.64,0.00,0.00,0.00,205.14,0.00,0,0,0,0
354.90,175.29,0.00,48.82,0.00,179.69,0.00,180.45,0.00,0.00,0.00,205.14,0.00,0,0,0,0
355.91,176.27,0.00,49.00,0.00,180.66,0.00,181.26,0.00,0.00,0.00,205.96,0.00,0,0,0,0
356.91,175.78,0.00,48.82,0.00,179.69,0.00,180.45,0.00,0.00,0.00,205.14,0.00,0,0,0,0
357.92,175.29,0.00,48.64,0.00,179.20,0.00,179.64,0.00,0.00,0.00,204.33,0.00,0,0,0,0
358.92,175.78,0.00,48.82,0.00,179.69,0.00,180.45,0.00,0.00,0.00,205.14,0.00,0,0,0,0
359.93,176.27,0.00,49.00,0.00,180.66,0.00,181.26,0.00,0.00,0.00,205.96,0.00,0,0,0,0
360.93,175.29,0.00,48.82,0.00,179.69,0.00,180.45,0.00,0.00,0.00,205.14,0.00,0,0,0,0
361.94,175.29,0.00,48.64,0.00,179.20,0.00,179.64,0.00,0.00,0.00,204.33,0.00,0,0,0,0
362.95,175.78,0.00,49.00,0.00,180.18,0.00,181.26,0.00,0.00,0.00,205.96,0.00,0,0,0,0
363.95,175.78,0.00,49.00,0.00,180.18,0.00,181.26,0.00,0.00,0.00,205.96,0.00,0,0,0,0
364.95,175.29,0.00,48.64,0.00,179.69,0.00,179.64,0.00,0.00,0.00,205.14,0.00,0,0,0,0
365.96,175.29,0.00,48.64,0.00,179.20,0.00,179.64,0.00,0.00,0.00,204.33,0.00,0,0,0,0
366.97,175.78,0.00,48.82,0.00,180.18,0.00,181.26,0.00,0.00,0.00,205.96,0.00,0,0,0,0
367.97,175.78,0.00,48.82,0.00,179.69,0.00,180.45,0.00,0.00,0.00,205.14,0.00,0,0,0,0
368.98,174.80,0.00,48.64,0.00,179.20,0.00,179.64,0.00,0.00,0.00,204.33,0.00,0,0,0,0
369.98,175.29,0.00,48.82,0.00,179.69,0.00,180.45,0.00,0.00,0.00,205.14,0.00,0,0,0,0
370.99,175.78,0.00,49.00,0.00,180.18,0.00,181.26,0.00,0.00,0.00,205.96,0.00,0,0,0,0
371.99,175.78,0.00,48.82,0.00,180.18,0.00,180.45,0.00,0.00,0.00,205.14,0.00,0,0,0,0
373.00,175.29,0.00,48.64,0.00,179.20,0.00,179.64,0.00,0.00,0.00,204.33,0.00,0,0,0,0
374.00,175.78,0.00,48.82,0.00,179.69,0.00,180.45,0.00,0.00,0.00,205.14,0.00,0,0,0,0
375.01,176.27,0.00,49.00,0.00,180.66,0.00,181.26,0.00,0.00,0.00,205.96,0.00,0,0,0,0
376.02,175.78,0.00,48.82,0.00,179.69,0.00,180.45,0.00,0.00,0.00,205.14,0.00,0,0,0,0
377.02,175.29,0.00,48.64,0.00,179.20,0.00,179.64,0.00,0.00,0.00,204.33,0.00,0,0,0,0
378.02,175.78,0.00,48.82,0.00,179.69,0.00,180.45,0.00,0.00,0.00,205.14,0.00,0,0,0,0
379.03,175.78,0.00,49.00,0.00,180.18,0.00,181.26,0.00,0.00,0.00,205.96,0.00,0,0,0,0
380.04,174.80,0.00,48.47,0.00,179.20,0.00,179.64,0.00,0.00,0.00,204.33,0.00,0,0,0,0
381.04,173.83,0.00,48.29,0.00,178.71,0.00,178.82,0.00,0.00,0.00,202.70,0.00,0,0,0,0
382.05,174.32,0.00,48.47,0.00,179.20,0.00,179.64,0.00,0.00,0.00,203.52,0.00,0,0,0,0
383.05,174.32,0.00,48.64,0.00,179.69,0.00,180.45,0.00,0.00,0.00,204.33,0.00,0,0,0,0
384.06,173.83,0.00,48.29,0.00,178.71,0.00,178.82,0.00,0.00,0.00,202.70,0.00,0,0,0,0
385.06,173.83,0.00,48.29,0.00,178.71,0.00,178.82,0.00,0.00,0.00,202.70,0.00,0,0,0,0
386.07,174.32,0.00,48.64,0.00,179.69,0.00,180.45,0.00,0.00,0.00,203.52,0.00,0,0,0,0
387.08,174.32,0.00,48.64,0.00,179.69,0.00,180.45,0.00,0.00,0.00,204.33,0.00,0,0,0,0
388.08,173.83,0.00,48.29,0.00,178.71,0.00,178.82,0.00,0.00,0.00,202.70,0.00,0,0,0,0
389.08,173.83,0.00,48.29,0.00,178.71,0.00,178.82,0.00,0.00,0.00,202.70,0.00,0,0,0,0
390.09,174.32,0.00,48.47,0.00,179.20,0.00,180.45,0.00,0.00,0.00,203.52,0.00,0,0,0,0
391.10,174.32,0.00,48.47,0.00,179.69,0.00,180.45,0.00,0.00,0.00,203.52,0.00,0,0,0,0
392.10,173.34,0.00,48.29,0.00,178.71,0.00,178.82,0.00,0.00,0.00,202.70,0.00,0,0,0,0
393.11,173.83,0.00,48.29,0.00,178.71,0.00,178.82,0.00,0.00,0.00,202.70,0.00,0,0,0,0
394.11,174.32,0.00,48.47,0.00,179.20,0.00,180.45,0.00,0.00,0.00,203.52,0.00,0,0,0,0
395.12,174.32,0.00,48.47,0.00,179.20,0.00,179.64,0.00,0.00,0.00,203.52,0.00,0,0,0,0
396.12,173.83,0.00,48.29,0.00,178.71,0.00,178.82,0.00,0.00,0.00,202.70,0.00,0,0,0,0
397.13,173.83,0.00,48.29,0.00,178.71,0.00,178.82,0.00,0.00,0.00,202.70,0.00,0,0,0,0
398.13,174.32,0.00,48.64,0.00,179.69,0.00,180.45,0.00,0.00,0.00,203.52,0.00,0,0,0,0
399.14,174.32,0.00,48.47,0.00,179.20,0.00,179.64,0.00,0.00,0.00,203.52,0.00,0,0,0,0
400.14,173.34,0.00,48.11,0.00,178.71,0.00,178.82,0.00,0.00,0.00,202.70,0.00,0,0,0,0
401.15,173.83,0.00,48.29,0.00,178.71,0.00,178.82,0.00,0.00,0.00,202.70,0.00,0,0,0,0
402.16,174.32,0.00,48.47,0.00,179.69,0.00,180.45,0.00,0.00,0.00,203.52,0.00,0,0,0,0
403.16,173.83,0.00,48.47,0.00,179.20,0.00,179.64,0.00,0.00,0.00,203.52,0.00,0,0,0,0
404.17,173.34,0.00,48.11,0.00,178.71,0.00,178.82,0.00,0.00,0.00,202.70,0.00,0,0,0,0
405.17,173.83,0.00,48.47,0.00,179.20,0.00,179.64,0.00,0.00,0.00,202.70,0.00,0,0,0,0
406.18,174.32,0.00,48.64,0.00,179.69,0.00,180.45,0.00,0.00,0.00,204.33,0.00,0,0,0,0
407.18,173.83,0.00,48.47,0.00,179.20,0.00,179.64,0.00,0.00,0.00,203.52,0.00,0,0,0,0
408.19,173.34,0.00,48.29,0.00,178.71,0.00,178.82,0.00,0.00,0.00,202.70,0.00,0,0,0,0
409.19,174.32,0.00,48.47,0.00,179.20,0.00,179.64,0.00,0.00,0.00,203.52,0.00,0,0,0,0
410.20,174.32,0.00,48.64,0.00,179.69,0.00,180.45,0.00,0.00,0.00,204.33,0.00,0,0,0,0
411.20,173.83,0.00,48.47,0.00,179.20,0.00,179.64,0.00,0.00,0.00,203.52,0.00,0,0,0,0
412.21,173.83,0.00,48.29,0.00,178.71,0.00,178.82,0.00,0.00,0.00,202.70,0.00,0,0,0,0
413.22,174.32,0.00,48.47,0.00,179.20,0.00,179.64,0.00,0.00,0.00,203.52,0.00,0,0,0,0
414.22,174.32,0.00,48.64,0.00,179.69,0.00,180.45,0.00,0.00,0.00,204.33,0.00,0,0,0,0
415.23,176.76,0.00,49.53,0.00,182.62,0.00,185.33,0.00,0.00,0.00,208.40,0.00,0,0,0,0
416.23,173.34,0.00,48.11,0.00,178.22,0.00,178.01,0.00,0.00,0.00,201.89,0.00,0,0,0,0
417.24,174.32,0.00,48.64,0.00,179.69,0.00,180.45,0.00,0.00,0.00,204.33,0.00,0,0,0,0
418.24,174.32,0.00,48.64,0.00,179.69,0.00,180.45,0.00,0.00,0.00,204.33,0.00,0,0,0,0
419.25,173.83,0.00,48.29,0.00,178.71,0.00,178.82,0.00,0.00,0.00,202.70,0.00,0,0,0,0
420.25,173.34,0.00,48.29,0.00,178.71,0.00,178.82,0.00,0.00,0.00,202.70,0.00,0,0,0,0
421.26,174.32,0.00,48.47,0.00,179.69,0.00,180.45,0.00,0.00,0.00,203.52,0.00,0,0,0,0
422.26,173.83,0.00,48.47,0.00,179.20,0.00,180.45,0.00,0.00,0.00,203.52,0.00,0,0,0,0
423.27,173.34,0.00,48.11,0.00,178.22,0.00,178.82,0.00,0.00,0.00,202.70,0.00,0,0,0,0
424.27,173.34,0.00,48.29,0.00,178.71,0.00,178.82,0.00,0.00,0.00,202.70,0.00,0,0,0,0
425.28,174.32,0.00,48.47,0.00,179.69,0.00,180.45,0.00,0.00,0.00,203.52,0.00,0,0,0,0
426.29,173.83,0.00,48.47,0.00,179.20,0.00,180.45,0.00,0.00,0.00,203.52,0.00,0,0,0,0
427.29,173.83,0.00,48.29,0.00,178.71,0.00,178.82,0.00,0.00,0.00,202.70,0.00,0,0,0,0
428.30,173.83,0.00,48.29,0.00,178.71,0.00,179.64,0.00,0.00,0.00,202.70,0.00,0,0,0,0
429.30,174.32,0.00,48.64,0.00,179.69,0.00,181.26,0.00,0.00,0.00,204.33,0.00,0,0,0,0
430.31,173.83,0.00,48.47,0.00,179.20,0.00,179.64,0.00,0.00,0.00,203.52,0.00,0,0,0,0
431.31,173.34,0.00,48.11,0.00,178.22,0.00,178.82,0.00,0.00,0.00,202.70,0.00,0,0,0,0
432.32,173.83,0.00,48.47,0.00,178.71,0.00,179.64,0.00,0.00,0.00,202.70,0.00,0,0,0,0
433.32,174.32,0.00,48.64,0.00,179.69,0.00,180.45,0.00,0.00,0.00,203.52,0.00,0,0,0,0
434.33,173.83,0.00,48.47,0.00,179.20,0.00,179.64,0.00,0.00,0.00,203.52,0.00,0,0,0,0
435.33,173.34,0.00,48.11,0.00,178.22,0.00,178.82,0.00,0.00,0.00,202.70,0.00,0,0,0,0
436.34,173.83,0.00,48.29,0.00,179.20,0.00,179.64,0.00,0.00,0.00,202.70,0.00,0,0,0,0
437.35,174.32,0.00,48.64,0.00,179.69,0.00,181.26,0.00,0.00,0.00,204.33,0.00,0,0,0,0
438.35,173.83,0.00,48.47,0.00,179.20,0.00,180.45,0.00,0.00,0.00,203.52,0.00,0,0,0,0
439.36,173.34,0.00,48.11,0.00,178.22,0.00,178.01,0.00,0.00,0.00,201.89,0.00,0,0,0,0
440.36,173.83,0.00,48.47,0.00,179.20,0.00,179.64,0.00,0.00,0.00,202.70,0.00,0,0,0,0
441.37,174.32,0.00,48.64,0.00,179.69,0.00,180.45,0.00,0.00,0.00,204.33,0.00,0,0,0,0
442.37,173.83,0.00,48.47,0.00,179.20,0.00,179.64,0.00,0.00,0.00,203.52,0.00,0,0,0,0
443.38,173.34,0.00,48.29,0.00,178.22,0.00,178.82,0.00,0.00,0.00,202.70,0.00,0,0,0,0
444.38,174.32,0.00,48.47,0.00,179.20,0.00,179.64,0.00,0.00,0.00,203.52,0.00,0,0,0,0
445.39,174.32,0.00,48.64,0.00,179.69,0.00,180.45,0.00,0.00,0.00,204.33,0.00,0,0,0,0
446.39,178.22,0.00,50.06,0.00,184.08,0.00,188.59,0.00,0.00,0.00,210.84,0.00,0,0,0,0
447.40,172.85,0.00,47.93,0.00,177.73,0.00,177.19,0.00,0.00,0.00,201.08,0.00,0,0,0,0
448.40,172.85,0.00,47.93,0.00,177.73,0.00,177.19,0.00,0.00,0.00,201.08,0.00,0,0,0,0
449.41,176.76,0.00,49.53,0.00,182.62,0.00,185.33,0.00,0.00,0.00,208.40,0.00,0,0,0,0
450.42,174.80,0.00,48.82,0.00,180.18,0.00,181.26,0.00,0.00,0.00,205.14,0.00,0,0,0,0
451.42,174.32,0.00,48.47,0.00,179.20,0.00,179.64,0.00,0.00,0.00,203.52,0.00,0,0,0,0
452.43,174.80,0.00,48.64,0.00,179.69,0.00,181.26,0.00,0.00,0.00,204.33,0.00,0,0,0,0
453.43,174.32,0.00,48.64,0.00,179.69,0.00,180.45,0.00,0.00,0.00,204.33,0.00,0,0,0,0
454.44,173.83,0.00,48.29,0.00,178.71,0.00,179.64,0.00,0.00,0.00,202.70,0.00,0,0,0,0
455.44,173.83,0.00,48.29,0.00,178.71,0.00,179.64,0.00,0.00,0.00,202.70,0.00,0,0,0,0
456.45,174.32,0.00,48.64,0.00,179.69,0.00,180.45,0.00,0.00,0.00,204.33,0.00,0,0,0,0
457.45,174.32,0.00,48.47,0.00,179.20,0.00,180.45,0.00,0.00,0.00,203.52,0.00,0,0,0,0
458.46,173.34,0.00,48.29,0.00,178.71,0.00,178.82,0.00,0.00,0.00,202.70,0.00,0,0,0,0
459.46,174.32,0.00,48.47,0.00,179.20,0.00,179.64,0.00,0.00,0.00,203.52,0.00,0,0,0,0
460.47,174.80,0.00,48.64,0.00,179.69,0.00,181.26,0.00,0.00,0.00,204.33,0.00,0,0,0,0
461.47,173.83,0.00,48.47,0.00,179.20,0.00,179.64,0.00,0.00,0.00,203.52,0.00,0,0,0,0
462.48,173.83,0.00,48.29,0.00,178.71,0.00,178.82,0.00,0.00,0.00,202.70,0.00,0,0,0,0
463.48,174.32,0.00,48.64,0.00,179.69,0.00,180.45,0.00,0.00,0.00,203.52,0.00,0,0,0,0
464.49,174.32,0.00,48.64,0.00,179.69,0.00,180.45,0.00,0.00,0.00,204.33,0.00,0,0,0,0
465.50,173.83,0.00,48.29,0.00,178.71,0.00,178.82,0.00,0.00,0.00,202.70,0.00,0,0,0,0
466.50,173.83,0.00,48.29,0.00,178.71,0.00,178.82,0.00,0.00,0.00,202.70,0.00,0,0,0,0
467.51,174.80,0.00,48.64,0.00,179.69,0.00,181.26,0.00,0.00,0.00,204.33,0.00,0,0,0,0
468.51,174.32,0.00,48.64,0.00,179.69,0.00,180.45,0.00,0.00,0.00,204.33,0.00,0,0,0,0
469.52,173.83,0.00,48.47,0.00,179.20,0.00,179.64,0.00,0.00,0.00,202.70,0.00,0,0,0,0
470.52,173.83,0.00,48.29,0.00,178.71,0.00,178.82,0.00,0.00,0.00,202.70,0.00,0,0,0,0
471.53,174.80,0.00,48.64,0.00,179.69,0.00,181.26,0.00,0.00,0.00,204.33,0.00,0,0,0,0
472.54,172.85,0.00,47.93,0.00,177.73,0.00,177.19,0.00,0.00,0.00,201.89,0.00,0,0,0,0
473.54,172.36,0.00,47.76,0.00,177.25,0.00,176.38,0.00,0.00,0.00,200.26,0.00,0,0,0,0
474.55,174.32,0.00,48.47,0.00,179.20,0.00,180.45,0.00,0.00,0.00,203.52,0.00,0,0,0,0
475.55,173.83,0.00,48.47,0.00,179.20,0.00,179.64,0.00,0.00,0.00,203.52,0.00,0,0,0,0
476.56,184.57,0.00,52.89,0.00,192.38,0.00,202.42,0.00,0.00,0.00,221.42,0.00,0,0,0,0
477.56,172.36,0.00,47.76,0.00,176.76,0.00,175.57,0.00,0.00,0.00,200.26,0.00,0,0,0,0
478.57,174.80,0.00,48.64,0.00,179.69,0.00,181.26,0.00,0.00,0.00,204.33,0.00,0,0,0,0
479.57,174.80,0.00,48.64,0.00,180.18,0.00,181.26,0.00,0.00,0.00,204.33,0.00,0,0,0,0
480.58,174.32,0.00,48.47,0.00,179.20,0.00,179.64,0.00,0.00,0.00,203.52,0.00,0,0,0,0
481.58,174.32,0.00,48.29,0.00,178.71,0.00,178.82,0.00,0.00,0.00,202.70,0.00,0,0,0,0
482.59,174.80,0.00,48.64,0.00,179.69,0.00,181.26,0.00,0.00,0.00,204.33,0.00,0,0,0,0
483.59,174.80,0.00,48.64,0.00,179.69,0.00,181.26,0.00,0.00,0.00,204.33,0.00,0,0,0,0
484.60,173.83,0.00,48.47,0.00,178.71,0.00,179.64,0.00,0.00,0.00,203.52,0.00,0,0,0,0
485.61,174.32,0.00,48.47,0.00,179.20,0.00,179.64,0.00,0.00,0.00,202.70,0.00,0,0,0,0
486.61,174.80,0.00,48.82,0.00,180.18,0.00,181.26,0.00,0.00,0.00,204.33,0.00,0,0,0,0
487.61,174.80,0.00,48.64,0.00,179.69,0.00,180.45,0.00,0.00,0.00,204.33,0.00,0,0,0,0
488.62,173.83,0.00,48.29,0.00,178.71,0.00,179.64,0.00,0.00,0.00,202.70,0.00,0,0,0,0
489.63,174.32,0.00,48.47,0.00,179.20,0.00,179.64,0.00,0.00,0.00,203.52,0.00,0,0,0,0
490.63,174.80,0.00,48.82,0.00,179.69,0.00,181.26,0.00,0.00,0.00,204.33,0.00,0,0,0,0
491.64,174.32,0.00,48.64,0.00,179.20,0.00,180.45,0.00,0.00,0.00,203.52,0.00,0,0,0,0
492.64,173.83,0.00,48.29,0.00,178.71,0.00,178.82,0.00,0.00,0.00,202.70,0.00,0,0,0,0
493.65,174.32,0.00,48.64,0.00,179.69,0.00,180.45,0.00,0.00,0.00,203.52,0.00,0,0,0,0
494.65,174.80,0.00,48.82,0.00,180.18,0.00,181.26,0.00,0.00,0.00,204.33,0.00,0,0,0,0
495.66,174.32,0.00,48.47,0.00,179.20,0.00,180.45,0.00,0.00,0.00,203.52,0.00,0,0,0,0
496.66,173.83,0.00,48.29,0.00,178.71,0.00,178.82,0.00,0.00,0.00,202.70,0.00,0,0,0,0
497.67,174.80,0.00,48.64,0.00,179.69,0.00,180.45,0.00,0.00,0.00,203.52,0.00,0,0,0,0
498.67,174.80,0.00,48.82,0.00,180.18,0.00,181.26,0.00,0.00,0.00,204.33,0.00,0,0,0,0
499.68,174.32,0.00,48.47,0.00,179.20,0.00,179.64,0.00,0.00,0.00,203.52,0.00,0,0,0,0
500.69,173.83,0.00,48.29,0.00,178.71,0.00,178.82,0.00,0.00,0.00,202.70,0.00,0,0,0,0
501.69,174.80,0.00,48.64,0.00,179.69,0.00,181.26,0.00,0.00,0.00,204.33,0.00,0,0,0,0
502.70,174.80,0.00,48.82,0.00,180.18,0.00,181.26,0.00,0.00,0.00,205.14,0.00,0,0,0,0
503.70,174.32,0.00,48.47,0.00,179.20,0.00,179.64,0.00,0.00,0.00,203.52,0.00,0,0,0,0
504.71,170.90,0.00,47.05,0.00,175.29,0.00,172.31,0.00,0.00,0.00,197.82,0.00,0,0,0,0
505.71,173.34,0.00,48.29,0.00,178.71,0.00,178.01,0.00,0.00,0.00,201.08,0.00,0,0,0,0
506.72,173.83,0.00,48.29,0.00,178.71,0.00,178.82,0.00,0.00,0.00,202.70,0.00,0,0,0,0
507.72,173.34,0.00,48.11,0.00,178.22,0.00,178.01,0.00,0.00,0.00,201.89,0.00,0,0,0,0

513.73,175.29,0.00,48.64,0.00,179.20,0.00,178.82,0.00,0.00,0.00,203.52,0.00,0,0,0,0
514.74,174.32,0.00,48.11,0.00,177.25,0.00,175.57,0.00,0.00,0.00,201.08,0.00,0,0,0,0
515.74,174.32,0.00,48.29,0.00,177.73,0.00,176.38,0.00,0.00,0.00,201.89,0.00,0,0,0,0
516.75,174.80,0.00,48.64,0.00,178.71,0.00,178.01,0.00,0.00,0.00,202.70,0.00,0,0,0,0
517.75,174.32,0.00,48.29,0.00,177.73,0.00,176.38,0.00,0.00,0.00,201.89,0.00,0,0,0,0
518.76,174.32,0.00,48.11,0.00,177.25,0.00,175.57,0.00,0.00,0.00,201.08,0.00,0,0,0,0
519.76,175.29,0.00,48.64,0.00,178.71,0.00,178.01,0.00,0.00,0.00,202.70,0.00,0,0,0,0
520.77,174.80,0.00,48.47,0.00,178.22,0.00,177.19,0.00,0.00,0.00,202.70,0.00,0,0,0,0
521.77,173.34,0.00,47.93,0.00,176.76,0.00,174.75,0.00,0.00,0.00,200.26,0.00,0,0,0,0
522.78,201.17,0.00,58.90,0.00,208.98,0.00,230.90,0.00,0.00,0.00,249.09,0.00,0,0,0,0
523.78,167.97,0.00,44.75,0.00,167.48,0.00,159.29,0.00,0.00,0.00,191.31,0.00,0,0,0,0
524.79,166.02,0.00,45.10,0.00,168.95,0.00,160.92,0.00,0.00,0.00,187.24,0.00,0,0,0,0
525.79,166.02,0.00,45.28,0.00,169.92,0.00,163.36,0.00,0.00,0.00,188.05,0.00,0,0,0,0
526.80,165.53,0.00,45.10,0.00,168.95,0.00,161.73,0.00,0.00,0.00,187.24,0.00,0,0,0,0
527.81,166.02,0.00,45.10,0.00,169.43,0.00,162.55,0.00,0.00,0.00,188.05,0.00,0,0,0,0
528.81,168.46,0.00,46.52,0.00,172.85,0.00,168.24,0.00,0.00,0.00,192.94,0.00,0,0,0,0
529.82,167.48,0.00,45.46,0.00,170.41,0.00,164.17,0.00,0.00,0.00,190.50,0.00,0,0,0,0
530.82,169.92,0.00,46.70,0.00,173.83,0.00,169.87,0.00,0.00,0.00,194.57,0.00,0,0,0,0
531.83,177.25,0.00,49.70,0.00,182.62,0.00,185.33,0.00,0.00,0.00,207.59,0.00,0,0,0,0
532.83,173.34,0.00,47.76,0.00,176.76,0.00,174.75,0.00,0.00,0.00,201.08,0.00,0,0,0,0
533.84,171.39,0.00,47.05,0.00,174.32,0.00,171.50,0.00,0.00,0.00,197.01,0.00,0,0,0,0
534.84,168.46,0.00,45.99,0.00,171.39,0.00,165.80,0.00,0.00,0.00,192.12,0.00,0,0,0,0
535.85,166.02,0.00,45.10,0.00,168.46,0.00,160.92,0.00,0.00,0.00,187.24,0.00,0,0,0,0
536.85,153.32,0.00,39.97,0.00,153.81,0.00,134.88,0.00,0.00,0.00,164.45,0.00,0,0,0,0
537.86,160.16,0.00,43.51,0.00,164.55,0.00,153.59,0.00,0.00,0.00,176.66,0.00,0,0,0,0
538.86,169.43,0.00,46.87,0.00,173.83,0.00,170.68,0.00,0.00,0.00,193.75,0.00,0,0,0,0
539.87,171.39,0.00,47.40,0.00,175.29,0.00,173.12,0.00,0.00,0.00,197.82,0.00,0,0,0,0
540.88,173.34,0.00,47.93,0.00,177.25,0.00,175.57,0.00,0.00,0.00,201.08,0.00,0,0,0,0
541.88,173.34,0.00,47.93,0.00,176.76,0.00,174.75,0.00,0.00,0.00,200.26,0.00,0,0,0,0
542.89,173.34,0.00,47.93,0.00,177.25,0.00,175.57,0.00,0.00,0.00,200.26,0.00,0,0,0,0
543.89,172.36,0.00,47.40,0.00,175.78,0.00,173.12,0.00,0.00,0.00,198.63,0.00,0,0,0,0
544.90,172.85,0.00,47.58,0.00,175.78,0.00,173.12,0.00,0.00,0.00,198.63,0.00,0,0,0,0
545.90,173.34,0.00,47.93,0.00,177.25,0.00,175.57,0.00,0.00,0.00,200.26,0.00,0,0,0,0
546.91,172.36,0.00,47.40,0.00,175.29,0.00,173.12,0.00,0.00,0.00,198.63,0.00,0,0,0,0
547.91,172.36,0.00,47.40,0.00,175.29,0.00,172.31,0.00,0.00,0.00,197.82,0.00,0,0,0,0
548.92,173.83,0.00,48.11,0.00,177.25,0.00,175.57,0.00,0.00,0.00,201.08,0.00,0,0,0,0
549.92,172.85,0.00,47.76,0.00,176.27,0.00,174.75,0.00,0.00,0.00,200.26,0.00,0,0,0,0
550.93,172.36,0.00,47.40,0.00,175.29,0.00,172.31,0.00,0.00,0.00,197.82,0.00,0,0,0,0
551.94,173.83,0.00,48.11,0.00,177.25,0.00,175.57,0.00,0.00,0.00,200.26,0.00,0,0,0,0
552.94,173.34,0.00,47.93,0.00,176.76,0.00,174.75,0.00,0.00,0.00,200.26,0.00,0,0,0,0
553.95,172.36,0.00,47.40,0.00,175.29,0.00,173.12,0.00,0.00,0.00,198.63,0.00,0,0,0,0
554.95,173.83,0.00,47.93,0.00,177.25,0.00,175.57,0.00,0.00,0.00,200.26,0.00,0,0,0,0
555.96,173.34,0.00,47.93,0.00,176.76,0.00,175.57,0.00,0.00,0.00,201.08,0.00,0,0,0,0
556.96,172.36,0.00,47.40,0.00,175.29,0.00,172.31,0.00,0.00,0.00,198.63,0.00,0,0,0,0
557.97,173.34,0.00,47.93,0.00,176.76,0.00,174.75,0.00,0.00,0.00,200.26,0.00,0,0,0,0
558.97,173.83,0.00,48.11,0.00,177.25,0.00,176.38,0.00,0.00,0.00,201.08,0.00,0,0,0,0
559.98,172.36,0.00,47.40,0.00,175.78,0.00,173.12,0.00,0.00,0.00,198.63,0.00,0,0,0,0
560.98,173.34,0.00,47.93,0.00,176.76,0.00,174.75,0.00,0.00,0.00,200.26,0.00,0,0,0,0
561.99,173.83,0.00,48.11,0.00,177.73,0.00,176.38,0.00,0.00,0.00,201.89,0.00,0,0,0,0
563.00,172.85,0.00,47.58,0.00,176.27,0.00,173.94,0.00,0.00,0.00,199.45,0.00,0,0,0,0
564.00,173.34,0.00,47.76,0.00,176.27,0.00,174.75,0.00,0.00,0.00,199.45,0.00,0,0,0,0
565.01,173.83,0.00,48.29,0.00,177.73,0.00,177.19,0.00,0.00,0.00,201.89,0.00,0,0,0,0
566.01,173.34,0.00,47.93,0.00,177.25,0.00,175.57,0.00,0.00,0.00,201.08,0.00,0,0,0,0
567.02,172.36,0.00,47.40,0.00,175.29,0.00,172.31,0.00,0.00,0.00,197.82,0.00,0,0,0,0
568.02,176.76,0.00,49.35,0.00,180.66,0.00,182.08,0.00,0.00,0.00,205.96,0.00,0,0,0,0
569.03,174.80,0.00,48.29,0.00,178.22,0.00,178.01,0.00,0.00,0.00,203.52,0.00,0,0,0,0
570.03,172.85,0.00,47.58,0.00,175.78,0.00,173.12,0.00,0.00,0.00,199.45,0.00,0,0,0,0
571.04,173.83,0.00,47.93,0.00,177.25,0.00,175.57,0.00,0.00,0.00,200.26,0.00,0,0,0,0
572.04,173.34,0.00,47.93,0.00,177.25,0.00,175.57,0.00,0.00,0.00,201.08,0.00,0,0,0,0
573.05,172.36,0.00,47.40,0.00,175.29,0.00,172.31,0.00,0.00,0.00,198.63,0.00,0,0,0,0
574.05,172.85,0.00,47.76,0.00,176.27,0.00,173.94,0.00,0.00,0.00,198.63,0.00,0,0,0,0
575.06,173.34,0.00,47.93,0.00,177.25,0.00,175.57,0.00,0.00,0.00,201.08,0.00,0,0,0,0
576.07,172.36,0.00,47.58,0.00,175.78,0.00,173.12,0.00,0.00,0.00,199.45,0.00,0,0,0,0
577.07,173.34,0.00,47.93,0.00,176.76,0.00,175.57,0.00,0.00,0.00,200.26,0.00,0,0,0,0
578.08,174.32,0.00,48.29,0.00,177.73,0.00,177.19,0.00,0.00,0.00,201.89,0.00,0,0,0,0
579.08,172.85,0.00,47.58,0.00,176.27,0.00,173.94,0.00,0.00,0.00,200.26,0.00,0,0,0,0
580.09,172.85,0.00,47.76,0.00,176.27,0.00,173.94,0.00,0.00,0.00,199.45,0.00,0,0,0,0
581.09,174.32,0.00,48.29,0.00,178.22,0.00,177.19,0.00,0.00,0.00,201.89,0.00,0,0,0,0
582.10,173.34,0.00,47.76,0.00,176.76,0.00,174.75,0.00,0.00,0.00,200.26,0.00,0,0,0,0
583.10,172.85,0.00,47.58,0.00,176.27,0.00,173.94,0.00,0.00,0.00,199.45,0.00,0,0,0,0
584.11,173.83,0.00,48.11,0.00,177.73,0.00,176.38,0.00,0.00,0.00,201.08,0.00,0,0,0,0
585.11,173.34,0.00,47.93,0.00,177.25,0.00,175.57,0.00,0.00,0.00,201.08,0.00,0,0,0,0
586.12,172.85,0.00,47.58,0.00,175.78,0.00,173.94,0.00,0.00,0.00,199.45,0.00,0,0,0,0
587.12,173.83,0.00,48.11,0.00,177.73,0.00,176.38,0.00,0.00,0.00,201.08,0.00,0,0,0,0
588.13,173.83,0.00,48.11,0.00,177.25,0.00,176.38,0.00,0.00,0.00,201.89,0.00,0,0,0,0
589.14,172.85,0.00,47.58,0.00,175.78,0.00,173.94,0.00,0.00,0.00,199.45,0.00,0,0,0,0
590.14,173.83,0.00,48.11,0.00,177.25,0.00,175.57,0.00,0.00,0.00,201.08,0.00,0,0,0,0
591.15,174.32,0.00,48.29,0.00,178.22,0.00,177.19,0.00,0.00,0.00,201.89,0.00,0,0,0,0
592.15,173.34,0.00,47.76,0.00,176.27,0.00,174.75,0.00,0.00,0.00,200.26,0.00,0,0,0,0
593.16,173.34,0.00,47.93,0.00,176.76,0.00,174.75,0.00,0.00,0.00,200.26,0.00,0,0,0,0
594.16,174.32,0.00,48.29,0.00,178.22,0.00,177.19,0.00,0.00,0.00,202.70,0.00,0,0,0,0
595.17,173.34,0.00,47.93,0.00,176.76,0.00,175.57,0.00,0.00,0.00,201.08,0.00,0,0,0,0
596.17,173.34,0.00,47.76,0.00,176.27,0.00,173.94,0.00,0.00,0.00,199.45,0.00,0,0,0,0
597.18,174.32,0.00,48.29,0.00,177.73,0.00,176.38,0.00,0.00,0.00,201.89,0.00,0,0,0,0
598.18,173.83,0.00,48.11,0.00,177.73,0.00,176.38,0.00,0.00,0.00,201.89,0.00,0,0,0,0
599.19,172.85,0.00,47.58,0.00,175.78,0.00,173.12,0.00,0.00,0.00,199.45,0.00,0,0,0,0
600.20,173.83,0.00,48.11,0.00,177.73,0.00,176.38,0.00,0.00,0.00,201.08,0.00,0,0,0,0
601.20,174.32,0.00,48.29,0.00,177.73,0.00,177.19,0.00,0.00,0.00,201.89,0.00,0,0,0,0
602.21,173.34,0.00,47.76,0.00,176.27,0.00,173.94,0.00,0.00,0.00,200.26,0.00,0,0,0,0
603.21,173.83,0.00,47.93,0.00,176.76,0.00,174.75,0.00,0.00,0.00,200.26,0.00,0,0,0,0
604.22,174.32,0.00,48.29,0.00,178.22,0.00,177.19,0.00,0.00,0.00,202.70,0.00,0,0,0,0
605.22,173.34,0.00,47.76,0.00,176.76,0.00,174.75,0.00,0.00,0.00,200.26,0.00,0,0,0,0
606.23,173.34,0.00,47.76,0.00,176.27,0.00,174.75,0.00,0.00,0.00,200.26,0.00,0,0,0,0
607.23,174.80,0.00,48.29,0.00,178.22,0.00,177.19,0.00,0.00,0.00,201.89,0.00,0,0,0,0
608.24,173.83,0.00,48.11,0.00,177.25,0.00,175.57,0.00,0.00,0.00,201.08,0.00,0,0,0,0
609.24,172.85,0.00,47.76,0.00,176.27,0.00,173.94,0.00,0.00,0.00,199.45,0.00,0,0,0,0
610.25,174.32,0.00,48.29,0.00,177.73,0.00,176.38,0.00,0.00,0.00,201.89,0.00,0,0,0,0
611.26,173.83,0.00,47.93,0.00,177.25,0.00,175.57,0.00,0.00,0.00,201.08,0.00,0,0,0,0
612.26,173.34,0.00,47.93,0.00,176.76,0.00,175.57,0.00,0.00,0.00,201.08,0.00,0,0,0,0
613.27,174.80,0.00,48.29,0.00,178.22,0.00,177.19,0.00,0.00,0.00,201.89,0.00,0,0,0,0
614.27,176.76,0.00,49.35,0.00,180.66,0.00,182.08,0.00,0.00,0.00,206.77,0.00,0,0,0,0
615.28,174.32,0.00,48.11,0.00,177.25,0.00,176.38,0.00,0.00,0.00,201.89,0.00,0,0,0,0
616.28,174.32,0.00,48.11,0.00,177.73,0.00,176.38,0.00,0.00,0.00,201.89,0.00,0,0,0,0
617.29,175.78,0.00,48.64,0.00,179.20,0.00,178.82,0.00,0.00,0.00,204.33,0.00,0,0,0,0
618.29,173.83,0.00,47.93,0.00,177.25,0.00,175.57,0.00,0.00,0.00,201.08,0.00,0,0,0,0
619.30,172.85,0.00,47.76,0.00,176.27,0.00,173.94,0.00,0.00,0.00,199.45,0.00,0,0,0,0
620.30,174.32,0.00,48.29,0.00,178.22,0.00,177.19,0.00,0.00,0.00,201.89,0.00,0,0,0,0
621.31,173.83,0.00,47.93,0.00,177.25,0.00,175.57,0.00,0.00,0.00,201.08,0.00,0,0,0,0
622.31,172.85,0.00,47.58,0.00,176.27,0.00,173.94,0.00,0.00,0.00,199.45,0.00,0,0,0,0
623.32,174.32,0.00,48.29,0.00,177.73,0.00,177.19,0.00,0.00,0.00,201.89,0.00,0,0,0,0
624.32,173.83,0.00,48.11,0.00,177.25,0.00,176.38,0.00,0.00,0.00,201.89,0.00,0,0,0,0
625.33,172.85,0.00,47.58,0.00,175.78,0.00,173.94,0.00,0.00,0.00,199.45,0.00,0,0,0,0
626.34,173.83,0.00,48.11,0.00,177.25,0.00,176.38,0.00,0.00,0.00,201.08,0.00,0,0,0,0
627.34,174.80,0.00,48.29,0.00,178.22,0.00,177.19,0.00,0.00,0.00,202.70,0.00,0,0,0,0
628.35,173.34,0.00,47.76,0.00,176.27,0.00,173.94,0.00,0.00,0.00,200.26,0.00,0,0,0,0
629.35,173.83,0.00,47.93,0.00,176.76,0.00,174.75,0.00,0.00,0.00,200.26,0.00,0,0,0,0
630.36,174.32,0.00,48.29,0.00,178.22,0.00,177.19,0.00,0.00,0.00,202.70,0.00,0,0,0,0
631.36,173.34,0.00,47.76,0.00,176.76,0.00,174.75,0.00,0.00,0.00,201.08,0.00,0,0,0,0
632.37,173.34,0.00,47.76,0.00,176.76,0.00,174.75,0.00,0.00,0.00,200.26,0.00,0,0,0,0
633.37,174.32,0.00,48.29,0.00,178.22,0.00,177.19,0.00,0.00,0.00,201.89,0.00,0,0,0,0
634.38,173.83,0.00,48.11,0.00,177.25,0.00,176.38,0.00,0.00,0.00,201.89,0.00,0,0,0,0
635.38,173.34,0.00,47.76,0.00,176.27,0.00,173.94,0.00,0.00,0.00,199.45,0.00,0,0,0,0
636.39,174.32,0.00,48.29,0.00,177.73,0.00,176.38,0.00,0.00,0.00,201.89,0.00,0,0,0,0
637.39,174.32,0.00,48.29,0.00,177.73,0.00,177.19,0.00,0.00,0.00,201.89,0.00,0,0,0,0
638.40,173.34,0.00,47.76,0.00,176.27,0.00,173.94,0.00,0.00,0.00,200.26,0.00,0,0,0,0
639.41,173.83,0.00,48.11,0.00,177.25,0.00,175.57,0.00,0.00,0.00,201.08,0.00,0,0,0,0
640.41,174.32,0.00,48.29,0.00,178.22,0.00,177.19,0.00,0.00,0.00,202.70,0.00,0,0,0,0
641.42,173.34,0.00,47.76,0.00,176.76,0.00,174.75,0.00,0.00,0.00,200.26,0.00,0,0,0,0
642.42,173.34,0.00,47.76,0.00,176.76,0.00,174.75,0.00,0.00,0.00,200.26,0.00,0,0,0,0
643.43,174.32,0.00,48.29,0.00,178.22,0.00,177.19,0.00,0.00,0.00,201.89,0.00,0,0,0,0
644.43,173.83,0.00,48.11,0.00,177.25,0.00,176.38,0.00,0.00,0.00,201.89,0.00,0,0,0,0
645.44,173.34,0.00,47.76,0.00,176.27,0.00,173.94,0.00,0.00,0.00,200.26,0.00,0,0,0,0
646.44,174.32,0.00,48.11,0.00,177.73,0.00,176.38,0.00,0.00,0.00,201.08,0.00,0,0,0,0
647.45,174.32,0.00,48.29,0.00,178.22,0.00,177.19,0.00,0.00,0.00,202.70,0.00,0,0,0,0
648.46,173.34,0.00,47.76,0.00,176.27,0.00,174.75,0.00,0.00,0.00,200.26,0.00,0,0,0,0
649.46,173.83,0.00,47.93,0.00,177.25,0.00,175.57,0.00,0.00,0.00,201.08,0.00,0,0,0,0
650.47,174.80,0.00,48.47,0.00,178.22,0.00,178.01,0.00,0.00,0.00,202.70,0.00,0,0,0,0
651.47,173.34,0.00,47.93,0.00,176.76,0.00,175.57,0.00,0.00,0.00,201.08,0.00,0,0,0,0
652.48,173.34,0.00,47.76,0.00,176.27,0.00,173.94,0.00,0.00,0.00,199.45,0.00,0,0,0,0
653.48,174.32,0.00,48.29,0.00,178.22,0.00,177.19,0.00,0.00,0.00,201.89,0.00,0,0,0,0
654.49,173.83,0.00,48.11,0.00,177.73,0.00,176.38,0.00,0.00,0.00,201.89,0.00,0,0,0,0
655.49,172.85,0.00,47.58,0.00,175.78,0.00,173.94,0.00,0.00,0.00,199.45,0.00,0,0,0,0
656.50,174.32,0.00,48.11,0.00,177.73,0.00,176.38,0.00,0.00,0.00,201.08,0.00,0,0,0,0
657.50,174.80,0.00,48.47,0.00,178.22,0.00,178.01,0.00,0.00,0.00,202.70,0.00,0,0,0,0
658.51,173.34,0.00,47.93,0.00,176.76,0.00,174.75,0.00,0.00,0.00,201.08,0.00,0,0,0,0
659.51,173.83,0.00,47.93,0.00,176.76,0.00,174.75,0.00,0.00,0.00,200.26,0.00,0,0,0,0
660.52,174.80,0.00,48.47,0.00,178.22,0.00,177.19,0.00,0.00,0.00,201.89,0.00,0,0,0,0
661.53,173.83,0.00,48.11,0.00,177.25,0.00,175.57,0.00,0.00,0.00,201.89,0.00,0,0,0,0
662.53,173.34,0.00,47.76,0.00,176.27,0.00,173.94,0.00,0.00,0.00,200.26,0.00,0,0,0,0
663.53,174.32,0.00,48.29,0.00,177.73,0.00,176.38,0.00,0.00,0.00,201.08,0.00,0,0,0,0
664.54,174.32,0.00,48.29,0.00,178.22,0.00,177.19,0.00,0.00,0.00,202.70,0.00,0,0,0,0
665.55,173.34,0.00,47.76,0.00,176.27,0.00,174.75,0.00,0.00,0.00,200.26,0.00,0,0,0,0
666.55,172.36,0.00,47.40,0.00,175.29,0.00,172.31,0.00,0.00,0.00,197.82,0.00,0,0,0,0
667.56,174.32,0.00,48.29,0.00,178.22,0.00,177.19,0.00,0.00,0.00,201.89,0.00,0,0,0,0
668.56,173.83,0.00,47.93,0.00,177.25,0.00,175.57,0.00,0.00,0.00,201.08,0.00,0,0,0,0
669.57,173.34,0.00,47.76,0.00,176.27,0.00,173.94,0.00,0.00,0.00,200.26,0.00,0,0,0,0
670.57,174.32,0.00,48.29,0.00,177.73,0.00,177.19,0.00,0.00,0.00,201.89,0.00,0,0,0,0
671.58,174.80,0.00,48.29,0.00,178.22,0.00,178.01,0.00,0.00,0.00,202.70,0.00,0,0,0,0
672.58,174.32,0.00,48.11,0.00,177.73,0.00,176.38,0.00,0.00,0.00,202.70,0.00,0,0,0,0
673.59,174.32,0.00,48.11,0.00,177.73,0.00,176.38,0.00,0.00,0.00,201.89,0.00,0,0,0,0
674.59,175.29,0.00,48.64,0.00,178.71,0.00,178.82,0.00,0.00,0.00,203.52,0.00,0,0,0,0
675.60,174.32,0.00,48.11,0.00,177.73,0.00,176.38,0.00,0.00,0.00,201.89,0.00,0,0,0,0
676.60,172.85,0.00,47.58,0.00,176.27,0.00,173.94,0.00,0.00,0.00,199.45,0.00,0,0,0,0
677.61,173.83,0.00,48.11,0.00,177.25,0.00,175.57,0.00,0.00,0.00,201.08,0.00,0,0,0,0
678.62,174.32,0.00,48.29,0.00,178.22,0.00,178.01,0.00,0.00,0.00,202.70,0.00,0,0,0,0
679.62,173.83,0.00,47.93,0.00,177.25,0.00,175.57,0.00,0.00,0.00,201.08,0.00,0,0,0,0
680.63,173.34,0.00,47.76,0.00,176.27,0.00,173.94,0.00,0.00,0.00,199.45,0.00,0,0,0,0
681.63,174.32,0.00,48.29,0.00,177.73,0.00,177.19,0.00,0.00,0.00,201.89,0.00,0,0,0,0
682.64,174.32,0.00,48.29,0.00,178.22,0.00,177.19,0.00,0.00,0.00,202.70,0.00,0,0,0,0
683.64,173.34,0.00,47.76,0.00,176.76,0.00,174.75,0.00,0.00,0.00,201.08,0.00,0,0,0,0
684.65,173.34,0.00,47.93,0.00,176.76,0.00,174.75,0.00,0.00,0.00,200.26,0.00,0,0,0,0
685.66,174.32,0.00,48.29,0.00,178.22,0.00,177.19,0.00,0.00,0.00,201.89,0.00,0,0,0,0
686.66,177.25,0.00,49.35,0.00,181.15,0.00,182.89,0.00,0.00,0.00,207.59,0.00,0,0,0,0
687.67,173.34,0.00,47.76,0.00,176.76,0.00,174.75,0.00,0.00,0.00,201.08,0.00,0,0,0,0
688.67,186.04,0.00,53.24,0.00,192.38,0.00,202.42,0.00,0.00,0.00,223.05,0.00,0,0,0,0
689.68,172.85,0.00,47.40,0.00,175.29,0.00,172.31,0.00,0.00,0.00,199.45,0.00,0,0,0,0
690.68,206.05,0.00,61.91,0.00,217.77,0.00,247.18,0.00,0.00,0.00,262.11,0.00,0,0,0,0
691.69,182.13,0.00,49.88,0.00,182.62,0.00,186.15,0.00,0.00,0.00,216.54,0.00,0,0,0,0
692.69,173.34,0.00,47.40,0.00,174.80,0.00,171.50,0.00,0.00,0.00,199.45,0.00,0,0,0,0
693.70,171.88,0.00,47.40,0.00,175.29,0.00,172.31,0.00,0.00,0.00,197.82,0.00,0,0,0,0
694.70,170.90,0.00,47.05,0.00,174.32,0.00,170.68,0.00,0.00,0.00,197.01,0.00,0,0,0,0
95.71,170.90,0.00,46.52,0.00,173.34,0.00,169.06,0.00,0.00,0.00,196.19,0.00,0,0,0,0
696.71,173.34,0.00,47.76,0.00,176.27,0.00,173.94,0.00,0.00,0.00,198.63,0.00,0,0,0,0
697.72,175.29,0.00,48.64,0.00,179.20,0.00,179.64,0.00,0.00,0.00,204.33,0.00,0,0,0,0
698.72,171.39,0.00,46.87,0.00,174.32,0.00,170.68,0.00,0.00,0.00,197.82,0.00,0,0,0,0
699.73,172.36,0.00,47.40,0.00,175.29,0.00,172.31,0.00,0.00,0.00,197.01,0.00,0,0,0,0
700.73,175.78,0.00,48.64,0.00,179.69,0.00,179.64,0.00,0.00,0.00,203.52,0.00,0,0,0,0
701.74,172.36,0.00,47.23,0.00,175.29,0.00,172.31,0.00,0.00,0.00,199.45,0.00,0,0,0,0
702.75,171.39,0.00,46.87,0.00,173.34,0.00,169.06,0.00,0.00,0.00,195.38,0.00,0,0,0,0
703.75,175.29,0.00,48.64,0.00,178.71,0.00,178.82,0.00,0.00,0.00,202.70,0.00,0,0,0,0
704.76,172.85,0.00,47.58,0.00,176.27,0.00,173.94,0.00,0.00,0.00,200.26,0.00,0,0,0,0
705.76,170.41,0.00,46.52,0.00,172.85,0.00,168.24,0.00,0.00,0.00,194.57,0.00,0,0,0,0
706.77,174.32,0.00,48.29,0.00,177.73,0.00,177.19,0.00,0.00,0.00,201.08,0.00,0,0,0,0
707.77,173.83,0.00,47.93,0.00,177.73,0.00,176.38,0.00,0.00,0.00,201.89,0.00,0,0,0,0
708.78,170.41,0.00,46.52,0.00,172.85,0.00,168.24,0.00,0.00,0.00,195.38,0.00,0,0,0,0
709.78,173.83,0.00,47.93,0.00,176.76,0.00,174.75,0.00,0.00,0.00,199.45,0.00,0,0,0,0
710.79,174.80,0.00,48.47,0.00,179.20,0.00,178.82,0.00,0.00,0.00,203.52,0.00,0,0,0,0
711.79,170.90,0.00,46.70,0.00,173.83,0.00,169.87,0.00,0.00,0.00,197.01,0.00,0,0,0,0
712.80,172.85,0.00,47.40,0.00,175.78,0.00,173.12,0.00,0.00,0.00,197.82,0.00,0,0,0,0
713.80,175.78,0.00,48.64,0.00,179.69,0.00,179.64,0.00,0.00,0.00,204.33,0.00,0,0,0,0
714.81,171.88,0.00,47.05,0.00,174.80,0.00,172.31,0.00,0.00,0.00,198.63,0.00,0,0,0,0
715.82,171.39,0.00,46.87,0.00,173.83,0.00,169.87,0.00,0.00,0.00,195.38,0.00,0,0,0,0
716.82,175.29,0.00,48.64,0.00,179.20,0.00,178.82,0.00,0.00,0.00,202.70,0.00,0,0,0,0
717.83,172.85,0.00,47.58,0.00,176.27,0.00,173.94,0.00,0.00,0.00,200.26,0.00,0,0,0,0
718.83,170.41,0.00,46.52,0.00,172.85,0.00,168.24,0.00,0.00,0.00,194.57,0.00,0,0,0,0
719.84,175.29,0.00,48.64,0.00,179.20,0.00,178.82,0.00,0.00,0.00,202.70,0.00,0,0,0,0
720.84,174.32,0.00,48.11,0.00,177.73,0.00,177.19,0.00,0.00,0.00,202.70,0.00,0,0,0,0
721.85,170.90,0.00,46.52,0.00,173.34,0.00,169.06,0.00,0.00,0.00,196.19,0.00,0,0,0,0
722.85,172.85,0.00,47.58,0.00,176.27,0.00,173.12,0.00,0.00,0.00,198.63,0.00,0,0,0,0
723.86,175.29,0.00,48.64,0.00,179.20,0.00,179.64,0.00,0.00,0.00,204.33,0.00,0,0,0,0
724.87,171.39,0.00,46.87,0.00,173.83,0.00,170.68,0.00,0.00,0.00,197.01,0.00,0,0,0,0
725.87,172.36,0.00,47.23,0.00,174.80,0.00,170.68,0.00,0.00,0.00,196.19,0.00,0,0,0,0
726.88,174.32,0.00,48.29,0.00,178.22,0.00,177.19,0.00,0.00,0.00,201.89,0.00,0,0,0,0
727.88,171.88,0.00,47.23,0.00,175.29,0.00,172.31,0.00,0.00,0.00,198.63,0.00,0,0,0,0
728.89,170.41,0.00,46.52,0.00,172.85,0.00,168.24,0.00,0.00,0.00,194.57,0.00,0,0,0,0
729.89,174.32,0.00,48.29,0.00,178.22,0.00,177.19,0.00,0.00,0.00,201.08,0.00,0,0,0,0
730.90,173.83,0.00,47.93,0.00,177.25,0.00,176.38,0.00,0.00,0.00,201.89,0.00,0,0,0,0
731.90,170.41,0.00,46.52,0.00,172.85,0.00,168.24,0.00,0.00,0.00,195.38,0.00,0,0,0,0
732.91,172.85,0.00,47.58,0.00,176.27,0.00,173.94,0.00,0.00,0.00,198.63,0.00,0,0,0,0
733.91,175.29,0.00,48.64,0.00,179.20,0.00,179.64,0.00,0.00,0.00,203.52,0.00,0,0,0,0
734.92,171.39,0.00,46.87,0.00,174.32,0.00,171.50,0.00,0.00,0.00,197.82,0.00,0,0,0,0
735.92,171.88,0.00,47.05,0.00,174.32,0.00,169.87,0.00,0.00,0.00,196.19,0.00,0,0,0,0
736.93,174.80,0.00,48.47,0.00,178.71,0.00,178.01,0.00,0.00,0.00,202.70,0.00,0,0,0,0
737.94,172.85,0.00,47.58,0.00,176.27,0.00,173.94,0.00,0.00,0.00,200.26,0.00,0,0,0,0
738.94,170.41,0.00,46.34,0.00,172.85,0.00,168.24,0.00,0.00,0.00,194.57,0.00,0,0,0,0
739.95,174.32,0.00,48.11,0.00,177.73,0.00,176.38,0.00,0.00,0.00,200.26,0.00,0,0,0,0
740.95,174.32,0.00,48.29,0.00,178.22,0.00,178.01,0.00,0.00,0.00,203.52,0.00,0,0,0,0
741.96,170.90,0.00,46.52,0.00,173.34,0.00,169.06,0.00,0.00,0.00,196.19,0.00,0,0,0,0
742.96,172.85,0.00,47.40,0.00,175.78,0.00,173.12,0.00,0.00,0.00,197.82,0.00,0,0,0,0
743.97,175.29,0.00,48.64,0.00,179.20,0.00,179.64,0.00,0.00,0.00,203.52,0.00,0,0,0,0
744.97,171.88,0.00,47.05,0.00,174.80,0.00,171.50,0.00,0.00,0.00,198.63,0.00,0,0,0,0
745.98,171.39,0.00,46.87,0.00,173.34,0.00,169.06,0.00,0.00,0.00,195.38,0.00,0,0,0,0
746.98,174.80,0.00,48.47,0.00,178.71,0.00,178.01,0.00,0.00,0.00,201.89,0.00,0,0,0,0
747.99,172.85,0.00,47.58,0.00,176.27,0.00,173.94,0.00,0.00,0.00,200.26,0.00,0,0,0,0
749.00,170.41,0.00,46.34,0.00,172.36,0.00,168.24,0.00,0.00,0.00,194.57,0.00,0,0,0,0
750.00,173.83,0.00,48.11,0.00,177.25,0.00,176.38,0.00,0.00,0.00,200.26,0.00,0,0,0,0
751.01,174.32,0.00,48.11,0.00,177.73,0.00,177.19,0.00,0.00,0.00,202.70,0.00,0,0,0,0
752.01,170.41,0.00,46.52,0.00,172.85,0.00,169.06,0.00,0.00,0.00,196.19,0.00,0,0,0,0
753.02,173.34,0.00,47.76,0.00,176.27,0.00,173.94,0.00,0.00,0.00,198.63,0.00,0,0,0,0
754.02,175.29,0.00,48.64,0.00,179.20,0.00,179.64,0.00,0.00,0.00,203.52,0.00,0,0,0,0
755.03,170.90,0.00,46.87,0.00,173.83,0.00,170.68,0.00,0.00,0.00,197.01,0.00,0,0,0,0
756.03,172.36,0.00,47.23,0.00,174.80,0.00,171.50,0.00,0.00,0.00,197.01,0.00,0,0,0,0
757.04,175.29,0.00,48.64,0.00,179.20,0.00,178.82,0.00,0.00,0.00,203.52,0.00,0,0,0,0
758.04,171.88,0.00,47.23,0.00,174.80,0.00,172.31,0.00,0.00,0.00,198.63,0.00,0,0,0,0
759.05,171.39,0.00,46.70,0.00,173.34,0.00,169.06,0.00,0.00,0.00,195.38,0.00,0,0,0,0
760.05,174.80,0.00,48.47,0.00,178.71,0.00,178.01,0.00,0.00,0.00,202.70,0.00,0,0,0,0
761.06,172.85,0.00,47.58,0.00,176.27,0.00,173.94,0.00,0.00,0.00,200.26,0.00,0,0,0,0
762.07,170.41,0.00,46.34,0.00,172.85,0.00,168.24,0.00,0.00,0.00,194.57,0.00,0,0,0,0
763.07,174.32,0.00,48.11,0.00,177.73,0.00,176.38,0.00,0.00,0.00,201.08,0.00,0,0,0,0
764.08,173.83,0.00,47.93,0.00,177.25,0.00,176.38,0.00,0.00,0.00,201.89,0.00,0,0,0,0
765.08,170.41,0.00,46.34,0.00,172.85,0.00,168.24,0.00,0.00,0.00,195.38,0.00,0,0,0,0
766.09,173.83,0.00,47.93,0.00,176.76,0.00,174.75,0.00,0.00,0.00,199.45,0.00,0,0,0,0
767.09,174.80,0.00,48.47,0.00,178.71,0.00,178.01,0.00,0.00,0.00,203.52,0.00,0,0,0,0
768.10,170.90,0.00,46.52,0.00,173.34,0.00,169.06,0.00,0.00,0.00,196.19,0.00,0,0,0,0
769.10,172.36,0.00,47.40,0.00,175.29,0.00,172.31,0.00,0.00,0.00,197.01,0.00,0,0,0,0
770.11,173.83,0.00,48.29,0.00,178.71,0.00,178.01,0.00,0.00,0.00,201.89,0.00,0,0,0,0
771.11,169.92,0.00,46.52,0.00,173.34,0.00,169.87,0.00,0.00,0.00,195.38,0.00,0,0,0,0
772.12,170.41,0.00,46.70,0.00,173.83,0.00,169.87,0.00,0.00,0.00,193.75,0.00,0,0,0,0
773.13,173.83,0.00,48.29,0.00,178.22,0.00,178.01,0.00,0.00,0.00,200.26,0.00,0,0,0,0
774.13,170.41,0.00,46.87,0.00,174.32,0.00,171.50,0.00,0.00,0.00,196.19,0.00,0,0,0,0
775.14,169.43,0.00,46.34,0.00,172.36,0.00,168.24,0.00,0.00,0.00,192.12,0.00,0,0,0,0
776.14,173.34,0.00,48.11,0.00,177.73,0.00,177.19,0.00,0.00,0.00,200.26,0.00,0,0,0,0
777.15,170.90,0.00,47.05,0.00,174.80,0.00,172.31,0.00,0.00,0.00,197.01,0.00,0,0,0,0
778.15,168.95,0.00,45.99,0.00,171.88,0.00,166.61,0.00,0.00,0.00,192.12,0.00,0,0,0,0
779.16,172.85,0.00,47.76,0.00,176.76,0.00,175.57,0.00,0.00,0.00,198.63,0.00,0,0,0,0
780.16,172.36,0.00,47.76,0.00,176.76,0.00,176.38,0.00,0.00,0.00,200.26,0.00,0,0,0,0
781.17,166.99,0.00,45.28,0.00,169.92,0.00,163.36,0.00,0.00,0.00,189.68,0.00,0,0,0,0
782.17,171.39,0.00,47.23,0.00,175.29,0.00,173.12,0.00,0.00,0.00,196.19,0.00,0,0,0,0
783.18,172.36,0.00,47.76,0.00,177.25,0.00,176.38,0.00,0.00,0.00,200.26,0.00,0,0,0,0
784.18,168.95,0.00,45.99,0.00,171.88,0.00,167.43,0.00,0.00,0.00,192.94,0.00,0,0,0,0
785.19,171.39,0.00,47.23,0.00,175.29,0.00,173.12,0.00,0.00,0.00,196.19,0.00,0,0,0,0
786.20,173.34,0.00,48.11,0.00,178.22,0.00,178.01,0.00,0.00,0.00,201.08,0.00,0,0,0,0
787.20,169.43,0.00,46.34,0.00,172.85,0.00,169.06,0.00,0.00,0.00,194.57,0.00,0,0,0,0
788.21,170.90,0.00,47.05,0.00,174.32,0.00,171.50,0.00,0.00,0.00,195.38,0.00,0,0,0,0
789.21,173.83,0.00,48.29,0.00,178.22,0.00,178.01,0.00,0.00,0.00,201.08,0.00,0,0,0,0
790.22,169.92,0.00,46.52,0.00,173.83,0.00,170.68,0.00,0.00,0.00,195.38,0.00,0,0,0,0
791.22,169.92,0.00,46.52,0.00,173.34,0.00,169.06,0.00,0.00,0.00,192.94,0.00,0,0,0,0
792.23,173.34,0.00,48.29,0.00,178.22,0.00,177.19,0.00,0.00,0.00,200.26,0.00,0,0,0,0
793.23,170.41,0.00,46.87,0.00,174.32,0.00,171.50,0.00,0.00,0.00,197.01,0.00,0,0,0,0
794.24,168.95,0.00,46.17,0.00,172.36,0.00,167.43,0.00,0.00,0.00,192.12,0.00,0,0,0,0
795.24,172.85,0.00,47.93,0.00,177.73,0.00,176.38,0.00,0.00,0.00,199.45,0.00,0,0,0,0
796.25,170.90,0.00,47.05,0.00,175.29,0.00,173.12,0.00,0.00,0.00,197.82,0.00,0,0,0,0
797.25,168.46,0.00,45.99,0.00,171.88,0.00,166.61,0.00,0.00,0.00,192.12,0.00,0,0,0,0
798.26,172.36,0.00,47.76,0.00,176.76,0.00,174.75,0.00,0.00,0.00,197.82,0.00,0,0,0,0
799.27,171.88,0.00,47.58,0.00,176.76,0.00,175.57,0.00,0.00,0.00,200.26,0.00,0,0,0,0
800.27,168.46,0.00,45.99,0.00,171.88,0.00,167.43,0.00,0.00,0.00,192.94,0.00,0,0,0,0
801.28,171.39,0.00,47.23,0.00,175.29,0.00,173.12,0.00,0.00,0.00,196.19,0.00,0,0,0,0
802.28,173.34,0.00,48.11,0.00,178.22,0.00,178.01,0.00,0.00,0.00,201.08,0.00,0,0,0,0
803.29,169.43,0.00,46.34,0.00,172.85,0.00,169.06,0.00,0.00,0.00,194.57,0.00,0,0,0,0
804.29,170.41,0.00,46.70,0.00,173.83,0.00,169.87,0.00,0.00,0.00,193.75,0.00,0,0,0,0
805.30,173.34,0.00,48.11,0.00,178.22,0.00,177.19,0.00,0.00,0.00,200.26,0.00,0,0,0,0
806.30,170.90,0.00,47.05,0.00,174.80,0.00,172.31,0.00,0.00,0.00,197.01,0.00,0,0,0,0
807.31,168.95,0.00,45.99,0.00,171.88,0.00,166.61,0.00,0.00,0.00,192.12,0.00,0,0,0,0
808.31,172.36,0.00,47.76,0.00,176.76,0.00,175.57,0.00,0.00,0.00,198.63,0.00,0,0,0,0
809.32,171.88,0.00,47.58,0.00,176.76,0.00,175.57,0.00,0.00,0.00,199.45,0.00,0,0,0,0
810.32,168.95,0.00,45.99,0.00,171.88,0.00,167.43,0.00,0.00,0.00,192.94,0.00,0,0,0,0
811.33,171.39,0.00,47.23,0.00,175.29,0.00,172.31,0.00,0.00,0.00,196.19,0.00,0,0,0,0
812.34,173.83,0.00,48.29,0.00,178.22,0.00,178.01,0.00,0.00,0.00,201.08,0.00,0,0,0,0
813.34,169.92,0.00,46.52,0.00,173.34,0.00,169.87,0.00,0.00,0.00,195.38,0.00,0,0,0,0
814.35,169.43,0.00,46.34,0.00,172.85,0.00,168.24,0.00,0.00,0.00,192.94,0.00,0,0,0,0
815.35,173.34,0.00,48.11,0.00,177.73,0.00,177.19,0.00,0.00,0.00,199.45,0.00,0,0,0,0
816.36,171.39,0.00,47.23,0.00,175.29,0.00,173.12,0.00,0.00,0.00,197.82,0.00,0,0,0,0
817.36,168.46,0.00,45.99,0.00,171.88,0.00,166.61,0.00,0.00,0.00,192.12,0.00,0,0,0,0
818.37,171.88,0.00,47.40,0.00,175.78,0.00,173.12,0.00,0.00,0.00,197.01,0.00,0,0,0,0
819.37,173.34,0.00,48.11,0.00,178.22,0.00,178.01,0.00,0.00,0.00,201.08,0.00,0,0,0,0
820.38,169.43,0.00,46.34,0.00,172.85,0.00,169.06,0.00,0.00,0.00,194.57,0.00,0,0,0,0
821.39,169.92,0.00,46.52,0.00,173.34,0.00,169.06,0.00,0.00,0.00,192.94,0.00,0,0,0,0
822.39,173.34,0.00,48.11,0.00,177.73,0.00,177.19,0.00,0.00,0.00,200.26,0.00,0,0,0,0
823.40,170.90,0.00,47.05,0.00,175.29,0.00,173.12,0.00,0.00,0.00,197.01,0.00,0,0,0,0
824.40,168.46,0.00,45.81,0.00,171.39,0.00,166.61,0.00,0.00,0.00,192.12,0.00,0,0,0,0
825.41,171.88,0.00,47.40,0.00,175.78,0.00,173.94,0.00,0.00,0.00,197.01,0.00,0,0,0,0
826.41,173.34,0.00,48.11,0.00,178.22,0.00,178.01,0.00,0.00,0.00,201.08,0.00,0,0,0,0
827.42,169.43,0.00,46.34,0.00,172.85,0.00,169.06,0.00,0.00,0.00,194.57,0.00,0,0,0,0
828.42,169.92,0.00,46.52,0.00,173.34,0.00,169.06,0.00,0.00,0.00,192.94,0.00,0,0,0,0
829.43,172.85,0.00,48.11,0.00,177.73,0.00,177.19,0.00,0.00,0.00,200.26,0.00,0,0,0,0
830.43,171.39,0.00,47.23,0.00,175.29,0.00,173.12,0.00,0.00,0.00,197.82,0.00,0,0,0,0
831.44,168.46,0.00,45.99,0.00,171.88,0.00,166.61,0.00,0.00,0.00,192.12,0.00,0,0,0,0
832.44,171.39,0.00,47.40,0.00,175.29,0.00,173.12,0.00,0.00,0.00,196.19,0.00,0,0,0,0
833.45,173.34,0.00,48.11,0.00,178.22,0.00,178.01,0.00,0.00,0.00,201.08,0.00,0,0,0,0
834.46,169.92,0.00,46.52,0.00,173.83,0.00,169.87,0.00,0.00,0.00,195.38,0.00,0,0,0,0
835.46,168.95,0.00,46.17,0.00,172.36,0.00,167.43,0.00,0.00,0.00,192.12,0.00,0,0,0,0
836.47,172.85,0.00,47.93,0.00,177.25,0.00,176.38,0.00,0.00,0.00,198.63,0.00,0,0,0,0
837.47,171.88,0.00,47.58,0.00,176.76,0.00,175.57,0.00,0.00,0.00,199.45,0.00,0,0,0,0
838.48,168.95,0.00,46.17,0.00,172.36,0.00,167.43,0.00,0.00,0.00,192.94,0.00,0,0,0,0
839.48,170.41,0.00,46.87,0.00,174.32,0.00,170.68,0.00,0.00,0.00,194.57,0.00,0,0,0,0
840.49,173.34,0.00,48.11,0.00,178.22,0.00,177.19,0.00,0.00,0.00,200.26,0.00,0,0,0,0
841.49,171.39,0.00,47.23,0.00,175.29,0.00,173.12,0.00,0.00,0.00,197.82,0.00,0,0,0,0
842.50,168.46,0.00,45.99,0.00,171.88,0.00,166.61,0.00,0.00,0.00,192.12,0.00,0,0,0,0
843.50,170.90,0.00,47.05,0.00,174.80,0.00,172.31,0.00,0.00,0.00,195.38,0.00,0,0,0,0
844.51,173.83,0.00,48.29,0.00,178.22,0.00,178.01,0.00,0.00,0.00,201.08,0.00,0,0,0,0
845.51,170.90,0.00,46.87,0.00,174.80,0.00,172.31,0.00,0.00,0.00,197.01,0.00,0,0,0,0
846.52,168.46,0.00,45.99,0.00,171.88,0.00,166.61,0.00,0.00,0.00,192.12,0.00,0,0,0,0
847.53,171.39,0.00,47.40,0.00,175.78,0.00,173.12,0.00,0.00,0.00,196.19,0.00,0,0,0,0
848.53,173.83,0.00,48.29,0.00,178.71,0.00,178.82,0.00,0.00,0.00,201.08,0.00,0,0,0,0
849.54,170.41,0.00,46.70,0.00,173.83,0.00,170.68,0.00,0.00,0.00,196.19,0.00,0,0,0,0
850.54,168.46,0.00,45.99,0.00,171.88,0.00,166.61,0.00,0.00,0.00,192.12,0.00,0,0,0,0
851.55,171.88,0.00,47.58,0.00,176.27,0.00,173.94,0.00,0.00,0.00,197.82,0.00,0,0,0,0
852.55,173.34,0.00,48.11,0.00,178.22,0.00,178.01,0.00,0.00,0.00,201.08,0.00,0,0,0,0
853.56,169.92,0.00,46.52,0.00,173.34,0.00,169.87,0.00,0.00,0.00,195.38,0.00,0,0,0,0
854.56,169.43,0.00,46.17,0.00,172.36,0.00,167.43,0.00,0.00,0.00,192.12,0.00,0,0,0,0
855.57,172.36,0.00,47.76,0.00,176.76,0.00,175.57,0.00,0.00,0.00,197.82,0.00,0,0,0,0
856.57,172.36,0.00,47.76,0.00,177.25,0.00,176.38,0.00,0.00,0.00,200.26,0.00,0,0,0,0
857.58,169.43,0.00,46.34,0.00,172.85,0.00,168.24,0.00,0.00,0.00,193.75,0.00,0,0,0,0
858.59,169.92,0.00,46.52,0.00,173.34,0.00,169.06,0.00,0.00,0.00,192.94,0.00,0,0,0,0
859.59,172.85,0.00,47.93,0.00,177.25,0.00,176.38,0.00,0.00,0.00,199.45,0.00,0,0,0,0
860.59,171.88,0.00,47.40,0.00,176.27,0.00,174.75,0.00,0.00,0.00,198.63,0.00,0,0,0,0
861.60,168.95,0.00,46.17,0.00,172.36,0.00,167.43,0.00,0.00,0.00,192.94,0.00,0,0,0,0
862.61,170.90,0.00,47.05,0.00,174.80,0.00,171.50,0.00,0.00,0.00,195.38,0.00,0,0,0,0
863.61,173.34,0.00,48.11,0.00,178.22,0.00,177.19,0.00,0.00,0.00,200.26,0.00,0,0,0,0
864.62,170.90,0.00,47.05,0.00,175.29,0.00,173.12,0.00,0.00,0.00,197.82,0.00,0,0,0,0
865.62,168.46,0.00,45.99,0.00,171.39,0.00,166.61,0.00,0.00,0.00,192.12,0.00,0,0,0,0
866.63,171.39,0.00,47.23,0.00,175.29,0.00,172.31,0.00,0.00,0.00,196.19,0.00,0,0,0,0
867.63,173.34,0.00,48.11,0.00,178.22,0.00,178.01,0.00,0.00,0.00,201.08,0.00,0,0,0,0
868.64,170.41,0.00,46.70,0.00,174.32,0.00,171.50,0.00,0.00,0.00,196.19,0.00,0,0,0,0
869.64,168.46,0.00,45.99,0.00,171.39,0.00,166.61,0.00,0.00,0.00,192.12,0.00,0,0,0,0
870.65,172.36,0.00,47.58,0.00,176.27,0.00,174.75,0.00,0.00,0.00,197.82,0.00,0,0,0,0
871.66,173.34,0.00,48.11,0.00,178.22,0.00,177.19,0.00,0.00,0.00,201.08,0.00,0,0,0,0
872.66,169.43,0.00,46.52,0.00,173.34,0.00,169.87,0.00,0.00,0.00,195.38,0.00,0,0,0,0
873.66,168.95,0.00,46.17,0.00,172.36,0.00,167.43,0.00,0.00,0.00,192.12,0.00,0,0,0,0
874.67,172.36,0.00,47.76,0.00,176.76,0.00,175.57,0.00,0.00,0.00,198.63,0.00,0,0,0,0
875.68,172.36,0.00,47.76,0.00,176.76,0.00,176.38,0.00,0.00,0.00,200.26,0.00,0,0,0,0
876.68,168.95,0.00,46.17,0.00,172.36,0.00,168.24,0.00,0.00,0.00,193.75,0.00,0,0,0,0
877.69,169.92,0.00,46.70,0.00,173.34,0.00,169.06,0.00,0.00,0.00,192.94,0.00,0,0,0,0
878.69,172.85,0.00,47.93,0.00,177.73,0.00,176.38,0.00,0.00,0.00,199.45,0.00,0,0,0,0
879.70,171.39,0.00,47.23,0.00,175.78,0.00,173.94,0.00,0.00,0.00,198.63,0.00,0,0,0,0
880.70,168.46,0.00,45.99,0.00,171.88,0.00,167.43,0.00,0.00,0.00,192.94,0.00,0,0,0,0
881.71,170.90,0.00,47.05,0.00,174.32,0.00,171.50,0.00,0.00,0.00,195.38,0.00,0,0,0,0
882.71,173.34,0.00,48.11,0.00,178.22,0.00,178.01,0.00,0.00,0.00,200.26,0.00,0,0,0,0
883.72,170.90,0.00,47.05,0.00,174.80,0.00,172.31,0.00,0.00,0.00,197.01,0.00,0,0,0,0
884.72,168.46,0.00,45.81,0.00,171.39,0.00,166.61,0.00,0.00,0.00,192.12,0.00,0,0,0,0
885.73,171.39,0.00,47.23,0.00,175.29,0.00,173.12,0.00,0.00,0.00,196.19,0.00,0,0,0,0
886.73,173.34,0.00,48.11,0.00,178.22,0.00,178.01,0.00,0.00,0.00,201.08,0.00,0,0,0,0
887.74,170.41,0.00,46.87,0.00,174.32,0.00,171.50,0.00,0.00,0.00,197.01,0.00,0,0,0,0
888.75,168.46,0.00,45.99,0.00,171.39,0.00,166.61,0.00,0.00,0.00,192.12,0.00,0,0,0,0
889.75,172.36,0.00,47.58,0.00,176.27,0.00,174.75,0.00,0.00,0.00,197.82,0.00,0,0,0,0
890.76,172.85,0.00,47.93,0.00,177.73,0.00,177.19,0.00,0.00,0.00,201.08,0.00,0,0,0,0
891.76,168.95,0.00,46.34,0.00,172.85,0.00,168.24,0.00,0.00,0.00,194.57,0.00,0,0,0,0
892.77,169.92,0.00,46.52,0.00,173.34,0.00,169.06,0.00,0.00,0.00,192.94,0.00,0,0,0,0
893.77,172.85,0.00,47.93,0.00,177.73,0.00,176.38,0.00,0.00,0.00,199.45,0.00,0,0,0,0
894.78,171.39,0.00,47.23,0.00,175.29,0.00,173.12,0.00,0.00,0.00,197.82,0.00,0,0,0,0
895.78,168.46,0.00,45.81,0.00,171.39,0.00,166.61,0.00,0.00,0.00,192.12,0.00,0,0,0,0
896.79,171.39,0.00,47.23,0.00,175.29,0.00,172.31,0.00,0.00,0.00,196.19,0.00,0,0,0,0
897.80,173.34,0.00,48.11,0.00,178.22,0.00,178.01,0.00,0.00,0.00,201.08,0.00,0,0,0,0
898.80,169.92,0.00,46.70,0.00,173.83,0.00,170.68,0.00,0.00,0.00,195.38,0.00,0,0,0,0
899.81,168.95,0.00,46.17,0.00,171.88,0.00,167.43,0.00,0.00,0.00,192.12,0.00,0,0,0,0
900.81,172.36,0.00,47.76,0.00,176.76,0.00,175.57,0.00,0.00,0.00,198.63,0.00,0,0,0,0
901.82,171.88,0.00,47.58,0.00,176.76,0.00,175.57,0.00,0.00,0.00,199.45,0.00,0,0,0,0
902.82,168.95,0.00,46.17,0.00,172.36,0.00,167.43,0.00,0.00,0.00,192.94,0.00,0,0,0,0
903.83,171.39,0.00,47.23,0.00,174.80,0.00,172.31,0.00,0.00,0.00,196.19,0.00,0,0,0,0
904.83,174.32,0.00,48.47,0.00,179.20,0.00,179.64,0.00,0.00,0.00,201.89,0.00,0,0,0,0
905.84,170.41,0.00,46.87,0.00,174.32,0.00,171.50,0.00,0.00,0.00,196.19,0.00,0,0,0,0
906.84,168.46,0.00,45.99,0.00,171.88,0.00,166.61,0.00,0.00,0.00,192.12,0.00,0,0,0,0
907.85,172.36,0.00,47.58,0.00,176.76,0.00,174.75,0.00,0.00,0.00,197.82,0.00,0,0,0,0
908.85,172.36,0.00,47.76,0.00,176.76,0.00,176.38,0.00,0.00,0.00,200.26,0.00,0,0,0,0
909.86,168.95,0.00,46.17,0.00,171.88,0.00,167.43,0.00,0.00,0.00,192.94,0.00,0,0,0,0
910.87,170.90,0.00,47.05,0.00,174.80,0.00,171.50,0.00,0.00,0.00,195.38,0.00,0,0,0,0
911.87,173.83,0.00,48.11,0.00,178.22,0.00,178.01,0.00,0.00,0.00,201.08,0.00,0,0,0,0
912.88,170.41,0.00,46.70,0.00,173.83,0.00,170.68,0.00,0.00,0.00,196.19,0.00,0,0,0,0
913.88,168.95,0.00,46.17,0.00,171.88,0.00,167.43,0.00,0.00,0.00,192.12,0.00,0,0,0,0
914.89,172.85,0.00,47.93,0.00,177.25,0.00,176.38,0.00,0.00,0.00,198.63,0.00,0,0,0,0
915.89,171.39,0.00,47.23,0.00,175.78,0.00,173.94,0.00,0.00,0.00,198.63,0.00,0,0,0,0
916.90,168.46,0.00,45.99,0.00,171.88,0.00,166.61,0.00,0.00,0.00,192.12,0.00,0,0,0,0
917.90,171.39,0.00,47.40,0.00,175.29,0.00,173.12,0.00,0.00,0.00,197.01,0.00,0,0,0,0
918.91,172.85,0.00,47.93,0.00,177.73,0.00,177.19,0.00,0.00,0.00,201.08,0.00,0,0,0,0
919.91,168.95,0.00,46.17,0.00,172.36,0.00,168.24,0.00,0.00,0.00,193.75,0.00,0,0,0,0
920.92,170.41,0.00,46.87,0.00,174.32,0.00,170.68,0.00,0.00,0.00,194.57,0.00,0,0,0,0
921.92,173.34,0.00,48.11,0.00,178.22,0.00,178.01,0.00,0.00,0.00,200.26,0.00,0,0,0,0
922.93,170.41,0.00,46.70,0.00,174.32,0.00,170.68,0.00,0.00,0.00,196.19,0.00,0,0,0,0
923.94,168.95,0.00,46.17,0.00,171.88,0.00,167.43,0.00,0.00,0.00,192.12,0.00,0,0,0,0
924.94,172.85,0.00,47.93,0.00,177.25,0.00,176.38,0.00,0.00,0.00,198.63,0.00,0,0,0,0
925.95,170.90,0.00,47.23,0.00,175.29,0.00,173.12,0.00,0.00,0.00,197.82,0.00,0,0,0,0
926.95,168.46,0.00,45.81,0.00,171.39,0.00,166.61,0.00,0.00,0.00,191.31,0.00,0,0,0,0
927.96,171.88,0.00,47.40,0.00,175.78,0.00,173.94,0.00,0.00,0.00,197.01,0.00,0,0,0,0
928.96,172.36,0.00,47.76,0.00,177.25,0.00,177.19,0.00,0.00,0.00,200.26,0.00,0,0,0,0
929.97,168.95,0.00,46.17,0.00,172.36,0.00,167.43,0.00,0.00,0.00,193.75,0.00,0,0,0,0
930.97,170.90,0.00,46.87,0.00,174.32,0.00,171.50,0.00,0.00,0.00,195.38,0.00,0,0,0,0
931.98,173.34,0.00,48.11,0.00,178.22,0.00,178.01,0.00,0.00,0.00,201.08,0.00,0,0,0,0
932.98,169.92,0.00,46.52,0.00,173.34,0.00,169.87,0.00,0.00,0.00,195.38,0.00,0,0,0,0
933.99,169.43,0.00,46.34,0.00,172.36,0.00,168.24,0.00,0.00,0.00,192.12,0.00,0,0,0,0
935.00,172.85,0.00,48.11,0.00,177.73,0.00,177.19,0.00,0.00,0.00,200.26,0.00,0,0,0,0
936.00,170.90,0.00,47.05,0.00,174.80,0.00,172.31,0.00,0.00,0.00,197.01,0.00,0,0,0,0
937.01,168.46,0.00,45.99,0.00,171.39,0.00,166.61,0.00,0.00,0.00,192.12,0.00,0,0,0,0
938.01,172.36,0.00,47.58,0.00,176.27,0.00,174.75,0.00,0.00,0.00,197.82,0.00,0,0,0,0
939.02,171.88,0.00,47.58,0.00,176.76,0.00,175.57,0.00,0.00,0.00,199.45,0.00,0,0,0,0
940.02,168.46,0.00,45.99,0.00,171.88,0.00,167.43,0.00,0.00,0.00,192.94,0.00,0,0,0,0
941.03,171.39,0.00,47.23,0.00,175.29,0.00,172.31,0.00,0.00,0.00,196.19,0.00,0,0,0,0
942.03,173.34,0.00,48.11,0.00,178.22,0.00,178.01,0.00,0.00,0.00,201.08,0.00,0,0,0,0
943.04,169.43,0.00,46.34,0.00,172.85,0.00,169.06,0.00,0.00,0.00,194.57,0.00,0,0,0,0
944.04,170.41,0.00,46.87,0.00,173.83,0.00,170.68,0.00,0.00,0.00,194.57,0.00,0,0,0,0
945.05,173.34,0.00,48.11,0.00,178.22,0.00,178.01,0.00,0.00,0.00,200.26,0.00,0,0,0,0
946.05,169.92,0.00,46.70,0.00,173.83,0.00,170.68,0.00,0.00,0.00,196.19,0.00,0,0,0,0
947.06,168.95,0.00,46.17,0.00,171.88,0.00,167.43,0.00,0.00,0.00,192.12,0.00,0,0,0,0
948.07,172.85,0.00,47.93,0.00,177.73,0.00,176.38,0.00,0.00,0.00,199.45,0.00,0,0,0,0
949.07,170.90,0.00,47.05,0.00,175.29,0.00,173.12,0.00,0.00,0.00,197.01,0.00,0,0,0,0
950.08,168.46,0.00,45.99,0.00,171.39,0.00,166.61,0.00,0.00,0.00,192.12,0.00,0,0,0,0
951.08,172.36,0.00,47.76,0.00,176.76,0.00,174.75,0.00,0.00,0.00,197.82,0.00,0,0,0,0
952.09,171.88,0.00,47.40,0.00,176.27,0.00,174.75,0.00,0.00,0.00,198.63,0.00,0,0,0,0
953.09,168.46,0.00,45.81,0.00,171.39,0.00,166.61,0.00,0.00,0.00,192.12,0.00,0,0,0,0
954.10,171.88,0.00,47.58,0.00,176.27,0.00,173.94,0.00,0.00,0.00,197.01,0.00,0,0,0,0
955.10,172.36,0.00,47.76,0.00,177.25,0.00,176.38,0.00,0.00,0.00,200.26,0.00,0,0,0,0
956.11,168.95,0.00,46.17,0.00,171.88,0.00,167.43,0.00,0.00,0.00,192.94,0.00,0,0,0,0
957.11,171.39,0.00,47.23,0.00,175.29,0.00,172.31,0.00,0.00,0.00,196.19,0.00,0,0,0,0
958.12,173.34,0.00,48.11,0.00,177.73,0.00,177.19,0.00,0.00,0.00,200.26,0.00,0,0,0,0
959.13,168.95,0.00,46.17,0.00,172.36,0.00,168.24,0.00,0.00,0.00,193.75,0.00,0,0,0,0
960.13,170.41,0.00,46.87,0.00,174.32,0.00,170.68,0.00,0.00,0.00,194.57,0.00,0,0,0,0
961.14,173.34,0.00,48.11,0.00,178.22,0.00,177.19,0.00,0.00,0.00,200.26,0.00,0,0,0,0
962.14,169.43,0.00,46.52,0.00,173.34,0.00,169.87,0.00,0.00,0.00,195.38,0.00,0,0,0,0
963.15,169.92,0.00,46.70,0.00,173.34,0.00,169.06,0.00,0.00,0.00,193.75,0.00,0,0,0,0
964.15,173.34,0.00,48.11,0.00,178.22,0.00,177.19,0.00,0.00,0.00,200.26,0.00,0,0,0,0
965.16,169.92,0.00,46.70,0.00,173.83,0.00,170.68,0.00,0.00,0.00,195.38,0.00,0,0,0,0
966.16,171.88,0.00,47.40,0.00,175.78,0.00,173.94,0.00,0.00,0.00,197.01,0.00,0,0,0,0
967.17,173.34,0.00,48.11,0.00,177.73,0.00,177.19,0.00,0.00,0.00,200.26,0.00,0,0,0,0
968.17,170.41,0.00,46.87,0.00,174.80,0.00,172.31,0.00,0.00,0.00,197.01,0.00,0,0,0,0
969.18,168.46,0.00,45.81,0.00,171.39,0.00,165.80,0.00,0.00,0.00,191.31,0.00,0,0,0,0
970.18,173.34,0.00,47.93,0.00,177.73,0.00,176.38,0.00,0.00,0.00,199.45,0.00,0,0,0,0
971.19,171.39,0.00,47.23,0.00,175.78,0.00,173.94,0.00,0.00,0.00,197.82,0.00,0,0,0,0
972.20,168.46,0.00,45.81,0.00,171.39,0.00,165.80,0.00,0.00,0.00,192.12,0.00,0,0,0,0
973.20,171.88,0.00,47.40,0.00,175.78,0.00,173.12,0.00,0.00,0.00,196.19,0.00,0,0,0,0
974.21,172.36,0.00,47.93,0.00,177.25,0.00,176.38,0.00,0.00,0.00,200.26,0.00,0,0,0,0
975.21,168.95,0.00,46.17,0.00,172.36,0.00,167.43,0.00,0.00,0.00,192.94,0.00,0,0,0,0
976.22,170.90,0.00,47.05,0.00,174.80,0.00,171.50,0.00,0.00,0.00,195.38,0.00,0,0,0,0
977.22,173.34,0.00,48.11,0.00,178.22,0.00,178.01,0.00,0.00,0.00,200.26,0.00,0,0,0,0
978.23,169.43,0.00,46.34,0.00,172.85,0.00,169.06,0.00,0.00,0.00,194.57,0.00,0,0,0,0
979.23,169.92,0.00,46.52,0.00,173.34,0.00,169.06,0.00,0.00,0.00,193.75,0.00,0,0,0,0
980.24,173.34,0.00,48.11,0.00,178.22,0.00,177.19,0.00,0.00,0.00,200.26,0.00,0,0,0,0
981.24,170.41,0.00,46.70,0.00,174.32,0.00,171.50,0.00,0.00,0.00,196.19,0.00,0,0,0,0
982.25,168.95,0.00,46.17,0.00,171.88,0.00,166.61,0.00,0.00,0.00,192.12,0.00,0,0,0,0
983.26,172.85,0.00,47.93,0.00,177.25,0.00,175.57,0.00,0.00,0.00,198.63,0.00,0,0,0,0
984.26,170.90,0.00,47.05,0.00,175.29,0.00,173.12,0.00,0.00,0.00,197.82,0.00,0,0,0,0
985.27,168.46,0.00,45.81,0.00,171.39,0.00,166.61,0.00,0.00,0.00,192.12,0.00,0,0,0,0
986.27,172.36,0.00,47.76,0.00,176.76,0.00,174.75,0.00,0.00,0.00,197.82,0.00,0,0,0,0
987.28,171.88,0.00,47.58,0.00,176.76,0.00,175.57,0.00,0.00,0.00,199.45,0.00,0,0,0,0
988.28,168.46,0.00,45.99,0.00,171.88,0.00,167.43,0.00,0.00,0.00,192.94,0.00,0,0,0,0
989.29,170.90,0.00,47.05,0.00,174.80,0.00,172.31,0.00,0.00,0.00,195.38,0.00,0,0,0,0
990.29,173.34,0.00,48.11,0.00,178.22,0.00,178.01,0.00,0.00,0.00,201.08,0.00,0,0,0,0
991.30,169.43,0.00,46.34,0.00,172.85,0.00,169.06,0.00,0.00,0.00,194.57,0.00,0,0,0,0
992.30,170.41,0.00,46.70,0.00,173.83,0.00,169.87,0.00,0.00,0.00,193.75,0.00,0,0,0,0
993.31,173.34,0.00,48.11,0.00,178.22,0.00,177.19,0.00,0.00,0.00,200.26,0.00,0,0,0,0
994.32,170.41,0.00,46.70,0.00,174.32,0.00,171.50,0.00,0.00,0.00,196.19,0.00,0,0,0,0
995.32,169.43,0.00,46.17,0.00,172.36,0.00,167.43,0.00,0.00,0.00,192.94,0.00,0,0,0,0
996.33,172.36,0.00,47.93,0.00,177.25,0.00,175.57,0.00,0.00,0.00,198.63,0.00,0,0,0,0
997.33,171.39,0.00,47.23,0.00,175.29,0.00,173.12,0.00,0.00,0.00,197.82,0.00,0,0,0,0
998.34,168.46,0.00,45.81,0.00,171.39,0.00,166.61,0.00,0.00,0.00,192.12,0.00,0,0,0,0
999.34,171.88,0.00,47.40,0.00,175.78,0.00,173.94,0.00,0.00,0.00,197.01,0.00,0,0,0,0
1000.35,172.36,0.00,47.76,0.00,177.25,0.00,176.38,0.00,0.00,0.00,200.26,0.00,0,0,0,0
1001.35,168.95,0.00,45.99,0.00,171.88,0.00,167.43,0.00,0.00,0.00,192.94,0.00,0,0,0,0
1002.36,170.90,0.00,47.05,0.00,174.80,0.00,171.50,0.00,0.00,0.00,195.38,0.00,0,0,0,0
1003.36,173.34,0.00,48.11,0.00,178.22,0.00,177.19,0.00,0.00,0.00,201.08,0.00,0,0,0,0
1004.37,169.43,0.00,46.34,0.00,172.85,0.00,169.06,0.00,0.00,0.00,194.57,0.00,0,0,0,0
1005.37,169.92,0.00,46.52,0.00,173.34,0.00,169.06,0.00,0.00,0.00,192.94,0.00,0,0,0,0
1006.38,173.34,0.00,48.11,0.00,177.73,0.00,177.19,0.00,0.00,0.00,200.26,0.00,0,0,0,0
1007.39,170.41,0.00,46.87,0.00,174.32,0.00,171.50,0.00,0.00,0.00,196.19,0.00,0,0,0,0
1008.39,168.95,0.00,45.99,0.00,171.88,0.00,166.61,0.00,0.00,0.00,192.12,0.00,0,0,0,0
1009.40,172.85,0.00,47.93,0.00,177.25,0.00,176.38,0.00,0.00,0.00,198.63,0.00,0,0,0,0
1010.40,171.39,0.00,47.23,0.00,175.29,0.00,173.12,0.00,0.00,0.00,197.82,0.00,0,0,0,0
1011.41,168.46,0.00,45.99,0.00,171.39,0.00,166.61,0.00,0.00,0.00,192.12,0.00,0,0,0,0
1012.41,172.36,0.00,47.58,0.00,176.76,0.00,174.75,0.00,0.00,0.00,197.82,0.00,0,0,0,0
1013.42,171.39,0.00,47.40,0.00,175.78,0.00,174.75,0.00,0.00,0.00,198.63,0.00,0,0,0,0
1014.42,168.46,0.00,45.99,0.00,171.39,0.00,166.61,0.00,0.00,0.00,192.12,0.00,0,0,0,0
1015.43,171.88,0.00,47.40,0.00,175.78,0.00,173.94,0.00,0.00,0.00,197.01,0.00,0,0,0,0
1016.43,172.36,0.00,47.76,0.00,177.25,0.00,176.38,0.00,0.00,0.00,200.26,0.00,0,0,0,0
1017.44,168.95,0.00,45.99,0.00,171.88,0.00,167.43,0.00,0.00,0.00,192.94,0.00,0,0,0,0
1018.45,171.39,0.00,47.23,0.00,175.29,0.00,172.31,0.00,0.00,0.00,196.19,0.00,0,0,0,0
1019.45,172.85,0.00,47.93,0.00,177.73,0.00,177.19,0.00,0.00,0.00,201.08,0.00,0,0,0,0
1020.46,168.95,0.00,46.17,0.00,172.36,0.00,168.24,0.00,0.00,0.00,193.75,0.00,0,0,0,0
1021.46,170.90,0.00,47.05,0.00,174.80,0.00,171.50,0.00,0.00,0.00,195.38,0.00,0,0,0,0
1022.47,173.83,0.00,48.29,0.00,178.71,0.00,178.82,0.00,0.00,0.00,201.89,0.00,0,0,0,0
1023.47,169.43,0.00,46.34,0.00,172.85,0.00,169.06,0.00,0.00,0.00,194.57,0.00,0,0,0,0
1024.48,170.41,0.00,46.87,0.00,174.32,0.00,170.68,0.00,0.00,0.00,194.57,0.00,0,0,0,0
1025.48,173.34,0.00,48.11,0.00,178.22,0.00,177.19,0.00,0.00,0.00,200.26,0.00,0,0,0,0
1026.49,169.92,0.00,46.52,0.00,173.34,0.00,170.68,0.00,0.00,0.00,195.38,0.00,0,0,0,0
1027.49,169.43,0.00,46.34,0.00,172.85,0.00,168.24,0.00,0.00,0.00,192.94,0.00,0,0,0,0
1028.50,172.85,0.00,48.11,0.00,177.73,0.00,176.38,0.00,0.00,0.00,199.45,0.00,0,0,0,0
1029.51,170.41,0.00,46.87,0.00,174.32,0.00,171.50,0.00,0.00,0.00,196.19,0.00,0,0,0,0
1030.51,168.95,0.00,45.99,0.00,171.88,0.00,166.61,0.00,0.00,0.00,192.12,0.00,0,0,0,0
1031.52,172.36,0.00,47.76,0.00,177.25,0.00,175.57,0.00,0.00,0.00,198.63,0.00,0,0,0,0
1032.52,170.90,0.00,47.05,0.00,174.80,0.00,172.31,0.00,0.00,0.00,197.01,0.00,0,0,0,0
1033.53,167.97,0.00,45.63,0.00,170.90,0.00,164.99,0.00,0.00,0.00,190.50,0.00,0,0,0,0
1034.53,171.88,0.00,47.58,0.00,176.27,0.00,173.94,0.00,0.00,0.00,197.01,0.00,0,0,0,0
1035.54,171.39,0.00,47.40,0.00,175.78,0.00,173.94,0.00,0.00,0.00,198.63,0.00,0,0,0,0
1036.54,168.46,0.00,45.99,0.00,171.39,0.00,166.61,0.00,0.00,0.00,192.12,0.00,0,0,0,0
1037.55,171.39,0.00,47.23,0.00,175.29,0.00,173.12,0.00,0.00,0.00,196.19,0.00,0,0,0,0
1038.56,172.85,0.00,47.93,0.00,177.25,0.00,176.38,0.00,0.00,0.00,200.26,0.00,0,0,0,0
1039.56,168.95,0.00,46.17,0.00,171.88,0.00,167.43,0.00,0.00,0.00,192.94,0.00,0,0,0,0
1040.56,170.90,0.00,47.05,0.00,174.80,0.00,171.50,0.00,0.00,0.00,195.38,0.00,0,0,0,0
1041.57,173.34,0.00,48.11,0.00,177.73,0.00,177.19,0.00,0.00,0.00,200.26,0.00,0,0,0,0
1042.58,169.43,0.00,46.52,0.00,173.34,0.00,169.87,0.00,0.00,0.00,194.57,0.00,0,0,0,0
1043.58,169.43,0.00,46.34,0.00,172.85,0.00,168.24,0.00,0.00,0.00,192.12,0.00,0,0,0,0
1044.59,172.85,0.00,47.93,0.00,177.73,0.00,176.38,0.00,0.00,0.00,199.45,0.00,0,0,0,0
1045.59,170.90,0.00,46.87,0.00,174.80,0.00,172.31,0.00,0.00,0.00,197.01,0.00,0,0,0,0
1046.60,168.46,0.00,45.99,0.00,171.39,0.00,166.61,0.00,0.00,0.00,191.31,0.00,0,0,0,0
1047.60,172.36,0.00,47.58,0.00,176.76,0.00,174.75,0.00,0.00,0.00,197.82,0.00,0,0,0,0
1048.61,171.88,0.00,47.58,0.00,176.27,0.00,175.57,0.00,0.00,0.00,199.45,0.00,0,0,0,0
1049.61,168.46,0.00,45.99,0.00,171.88,0.00,166.61,0.00,0.00,0.00,192.12,0.00,0,0,0,0
1050.62,170.90,0.00,47.23,0.00,174.80,0.00,172.31,0.00,0.00,0.00,195.38,0.00,0,0,0,0
1051.63,173.34,0.00,48.11,0.00,177.73,0.00,177.19,0.00,0.00,0.00,200.26,0.00,0,0,0,0
1052.63,171.39,0.00,47.05,0.00,175.29,0.00,173.12,0.00,0.00,0.00,197.82,0.00,0,0,0,0
1053.64,170.41,0.00,46.52,0.00,173.34,0.00,169.06,0.00,0.00,0.00,192.94,0.00,0,0,0,0
1054.64,172.85,0.00,47.93,0.00,177.73,0.00,176.38,0.00,0.00,0.00,199.45,0.00,0,0,0,0
1055.65,170.41,0.00,46.87,0.00,174.32,0.00,171.50,0.00,0.00,0.00,196.19,0.00,0,0,0,0
1056.65,168.46,0.00,45.99,0.00,171.39,0.00,166.61,0.00,0.00,0.00,191.31,0.00,0,0,0,0
1057.66,172.36,0.00,47.58,0.00,176.27,0.00,174.75,0.00,0.00,0.00,197.82,0.00,0,0,0,0
1058.66,171.39,0.00,47.23,0.00,175.78,0.00,173.94,0.00,0.00,0.00,198.63,0.00,0,0,0,0
1059.67,167.97,0.00,45.81,0.00,171.39,0.00,165.80,0.00,0.00,0.00,191.31,0.00,0,0,0,0
1060.67,171.39,0.00,47.23,0.00,175.29,0.00,172.31,0.00,0.00,0.00,195.38,0.00,0,0,0,0
1061.68,172.85,0.00,47.93,0.00,177.73,0.00,177.19,0.00,0.00,0.00,200.26,0.00,0,0,0,0
1062.69,168.95,0.00,46.17,0.00,172.36,0.00,168.24,0.00,0.00,0.00,193.75,0.00,0,0,0,0
1063.69,169.92,0.00,46.70,0.00,173.83,0.00,169.87,0.00,0.00,0.00,193.75,0.00,0,0,0,0
1064.70,173.34,0.00,48.11,0.00,177.73,0.00,177.19,0.00,0.00,0.00,200.26,0.00,0,0,0,0
1065.70,169.92,0.00,46.70,0.00,173.83,0.00,170.68,0.00,0.00,0.00,195.38,0.00,0,0,0,0
1066.71,168.95,0.00,46.17,0.00,172.36,0.00,167.43,0.00,0.00,0.00,192.12,0.00,0,0,0,0
1067.71,172.36,0.00,47.76,0.00,176.76,0.00,175.57,0.00,0.00,0.00,198.63,0.00,0,0,0,0
1068.72,170.90,0.00,47.05,0.00,175.29,0.00,173.12,0.00,0.00,0.00,197.82,0.00,0,0,0,0
1069.72,168.46,0.00,45.99,0.00,171.39,0.00,165.80,0.00,0.00,0.00,192.12,0.00,0,0,0,0
1070.73,171.39,0.00,47.40,0.00,175.78,0.00,173.12,0.00,0.00,0.00,197.01,0.00,0,0,0,0
1071.73,172.36,0.00,47.76,0.00,176.76,0.00,175.57,0.00,0.00,0.00,199.45,0.00,0,0,0,0
1072.74,168.46,0.00,45.99,0.00,171.88,0.00,166.61,0.00,0.00,0.00,192.94,0.00,0,0,0,0
1073.75,170.90,0.00,47.05,0.00,174.80,0.00,171.50,0.00,0.00,0.00,195.38,0.00,0,0,0,0
1074.75,173.34,0.00,48.11,0.00,178.22,0.00,177.19,0.00,0.00,0.00,200.26,0.00,0,0,0,0
1075.76,169.43,0.00,46.34,0.00,172.85,0.00,169.06,0.00,0.00,0.00,194.57,0.00,0,0,0,0
1076.76,170.41,0.00,46.87,0.00,173.83,0.00,169.87,0.00,0.00,0.00,193.75,0.00,0,0,0,0
1077.77,173.34,0.00,48.11,0.00,178.22,0.00,177.19,0.00,0.00,0.00,200.26,0.00,0,0,0,0
